year,mean_sst_c,scenario,model
2015,-246.925,ssp126,ACCESS-CM2
2016,-246.93954,ssp126,ACCESS-CM2
2017,-246.89824,ssp126,ACCESS-CM2
2018,-247.0937,ssp126,ACCESS-CM2
2019,-246.7081,ssp126,ACCESS-CM2
2020,-246.94159,ssp126,ACCESS-CM2
2021,-246.71689,ssp126,ACCESS-CM2
2022,-246.81914,ssp126,ACCESS-CM2
2023,-246.61234,ssp126,ACCESS-CM2
2024,-246.31783,ssp126,ACCESS-CM2
2025,-246.24841,ssp126,ACCESS-CM2
2026,-246.48975,ssp126,ACCESS-CM2
2027,-246.47838,ssp126,ACCESS-CM2
2028,-246.43031,ssp126,ACCESS-CM2
2029,-246.5119,ssp126,ACCESS-CM2
2030,-246.36868,ssp126,ACCESS-CM2
2031,-246.4407,ssp126,ACCESS-CM2
2032,-246.58469,ssp126,ACCESS-CM2
2033,-246.24507,ssp126,ACCESS-CM2
2034,-246.74426,ssp126,ACCESS-CM2
2035,-246.23582,ssp126,ACCESS-CM2
2036,-246.53847,ssp126,ACCESS-CM2
2037,-246.35141,ssp126,ACCESS-CM2
2038,-246.37984,ssp126,ACCESS-CM2
2039,-246.53099,ssp126,ACCESS-CM2
2040,-246.31383,ssp126,ACCESS-CM2
2041,-246.55582,ssp126,ACCESS-CM2
2042,-246.51065,ssp126,ACCESS-CM2
2043,-245.71971,ssp126,ACCESS-CM2
2044,-246.33102,ssp126,ACCESS-CM2
2045,-246.23738,ssp126,ACCESS-CM2
2046,-246.2117,ssp126,ACCESS-CM2
2047,-246.06462,ssp126,ACCESS-CM2
2048,-245.83746,ssp126,ACCESS-CM2
2049,-245.821,ssp126,ACCESS-CM2
2050,-246.25143,ssp126,ACCESS-CM2
2051,-245.82425,ssp126,ACCESS-CM2
2052,-245.69681,ssp126,ACCESS-CM2
2053,-245.87956,ssp126,ACCESS-CM2
2054,-245.60706,ssp126,ACCESS-CM2
2055,-246.01433,ssp126,ACCESS-CM2
2056,-245.74889,ssp126,ACCESS-CM2
2057,-246.03572,ssp126,ACCESS-CM2
2058,-245.72586,ssp126,ACCESS-CM2
2059,-246.1148,ssp126,ACCESS-CM2
2060,-245.96788,ssp126,ACCESS-CM2
2061,-245.91695,ssp126,ACCESS-CM2
2062,-246.00728,ssp126,ACCESS-CM2
2063,-245.84187,ssp126,ACCESS-CM2
2064,-245.8106,ssp126,ACCESS-CM2
2065,-246.07867,ssp126,ACCESS-CM2
2066,-246.08102,ssp126,ACCESS-CM2
2067,-245.7725,ssp126,ACCESS-CM2
2068,-246.00182,ssp126,ACCESS-CM2
2069,-246.1994,ssp126,ACCESS-CM2
2070,-246.04799,ssp126,ACCESS-CM2
2071,-245.77867,ssp126,ACCESS-CM2
2072,-246.19034,ssp126,ACCESS-CM2
2073,-245.99191,ssp126,ACCESS-CM2
2074,-245.66803,ssp126,ACCESS-CM2
2075,-246.03578,ssp126,ACCESS-CM2
2076,-245.98932,ssp126,ACCESS-CM2
2077,-245.97292,ssp126,ACCESS-CM2
2078,-245.94453,ssp126,ACCESS-CM2
2079,-245.75723,ssp126,ACCESS-CM2
2080,-245.85735,ssp126,ACCESS-CM2
2081,-245.79013,ssp126,ACCESS-CM2
2082,-245.72284,ssp126,ACCESS-CM2
2083,-245.94434,ssp126,ACCESS-CM2
2084,-245.86191,ssp126,ACCESS-CM2
2085,-246.13739,ssp126,ACCESS-CM2
2086,-245.87039,ssp126,ACCESS-CM2
2087,-245.66528,ssp126,ACCESS-CM2
2088,-245.8956,ssp126,ACCESS-CM2
2089,-245.99104,ssp126,ACCESS-CM2
2090,-245.63449,ssp126,ACCESS-CM2
2091,-245.99716,ssp126,ACCESS-CM2
2092,-245.67903,ssp126,ACCESS-CM2
2093,-245.79907,ssp126,ACCESS-CM2
2094,-245.68054,ssp126,ACCESS-CM2
2095,-245.90126,ssp126,ACCESS-CM2
2096,-245.71259,ssp126,ACCESS-CM2
2097,-246.0898,ssp126,ACCESS-CM2
2098,-245.9933,ssp126,ACCESS-CM2
2099,-246.03319,ssp126,ACCESS-CM2
2100,-245.63116,ssp126,ACCESS-CM2
2015,-246.8915,ssp245,ACCESS-CM2
2016,-247.04466,ssp245,ACCESS-CM2
2017,-246.93933,ssp245,ACCESS-CM2
2018,-246.55826,ssp245,ACCESS-CM2
2019,-246.65141,ssp245,ACCESS-CM2
2020,-246.8657,ssp245,ACCESS-CM2
2021,-246.95236,ssp245,ACCESS-CM2
2022,-246.70322,ssp245,ACCESS-CM2
2023,-246.9071,ssp245,ACCESS-CM2
2024,-246.64331,ssp245,ACCESS-CM2
2025,-246.65567,ssp245,ACCESS-CM2
2026,-246.82549,ssp245,ACCESS-CM2
2027,-246.6931,ssp245,ACCESS-CM2
2028,-246.33925,ssp245,ACCESS-CM2
2029,-246.67973,ssp245,ACCESS-CM2
2030,-246.57782,ssp245,ACCESS-CM2
2031,-246.29169,ssp245,ACCESS-CM2
2032,-246.52744,ssp245,ACCESS-CM2
2033,-246.79839,ssp245,ACCESS-CM2
2034,-246.26132,ssp245,ACCESS-CM2
2035,-246.17316,ssp245,ACCESS-CM2
2036,-246.77742,ssp245,ACCESS-CM2
2037,-246.49869,ssp245,ACCESS-CM2
2038,-246.27261,ssp245,ACCESS-CM2
2039,-246.38882,ssp245,ACCESS-CM2
2040,-246.18117,ssp245,ACCESS-CM2
2041,-246.29524,ssp245,ACCESS-CM2
2042,-245.90913,ssp245,ACCESS-CM2
2043,-245.78696,ssp245,ACCESS-CM2
2044,-246.19046,ssp245,ACCESS-CM2
2045,-245.92415,ssp245,ACCESS-CM2
2046,-245.80415,ssp245,ACCESS-CM2
2047,-245.55536,ssp245,ACCESS-CM2
2048,-246.01964,ssp245,ACCESS-CM2
2049,-246.17175,ssp245,ACCESS-CM2
2050,-246.1425,ssp245,ACCESS-CM2
2051,-246.02802,ssp245,ACCESS-CM2
2052,-245.78505,ssp245,ACCESS-CM2
2053,-245.65634,ssp245,ACCESS-CM2
2054,-246.00996,ssp245,ACCESS-CM2
2055,-245.80296,ssp245,ACCESS-CM2
2056,-245.78613,ssp245,ACCESS-CM2
2057,-245.95004,ssp245,ACCESS-CM2
2058,-245.55438,ssp245,ACCESS-CM2
2059,-245.65924,ssp245,ACCESS-CM2
2060,-245.99939,ssp245,ACCESS-CM2
2061,-245.70262,ssp245,ACCESS-CM2
2062,-245.35748,ssp245,ACCESS-CM2
2063,-245.94205,ssp245,ACCESS-CM2
2064,-245.74335,ssp245,ACCESS-CM2
2065,-245.29529,ssp245,ACCESS-CM2
2066,-245.7112,ssp245,ACCESS-CM2
2067,-245.5959,ssp245,ACCESS-CM2
2068,-245.54814,ssp245,ACCESS-CM2
2069,-245.02592,ssp245,ACCESS-CM2
2070,-245.18059,ssp245,ACCESS-CM2
2071,-245.38991,ssp245,ACCESS-CM2
2072,-245.28653,ssp245,ACCESS-CM2
2073,-245.19228,ssp245,ACCESS-CM2
2074,-245.40308,ssp245,ACCESS-CM2
2075,-245.028,ssp245,ACCESS-CM2
2076,-245.30551,ssp245,ACCESS-CM2
2077,-245.48889,ssp245,ACCESS-CM2
2078,-245.65727,ssp245,ACCESS-CM2
2079,-245.30338,ssp245,ACCESS-CM2
2080,-245.48303,ssp245,ACCESS-CM2
2081,-245.21962,ssp245,ACCESS-CM2
2082,-245.41249,ssp245,ACCESS-CM2
2083,-244.89436,ssp245,ACCESS-CM2
2084,-245.26135,ssp245,ACCESS-CM2
2085,-245.09222,ssp245,ACCESS-CM2
2086,-245.2966,ssp245,ACCESS-CM2
2087,-244.9202,ssp245,ACCESS-CM2
2088,-244.97083,ssp245,ACCESS-CM2
2089,-244.90836,ssp245,ACCESS-CM2
2090,-245.19861,ssp245,ACCESS-CM2
2091,-245.1785,ssp245,ACCESS-CM2
2092,-244.87093,ssp245,ACCESS-CM2
2093,-244.98105,ssp245,ACCESS-CM2
2094,-245.01971,ssp245,ACCESS-CM2
2095,-245.16992,ssp245,ACCESS-CM2
2096,-244.8357,ssp245,ACCESS-CM2
2097,-245.27045,ssp245,ACCESS-CM2
2098,-244.92934,ssp245,ACCESS-CM2
2099,-244.81976,ssp245,ACCESS-CM2
2100,-245.05415,ssp245,ACCESS-CM2
2015,-246.93127,ssp585,ACCESS-CM2
2016,-246.8317,ssp585,ACCESS-CM2
2017,-247.20206,ssp585,ACCESS-CM2
2018,-247.0033,ssp585,ACCESS-CM2
2019,-246.36295,ssp585,ACCESS-CM2
2020,-246.4209,ssp585,ACCESS-CM2
2021,-246.50708,ssp585,ACCESS-CM2
2022,-246.91998,ssp585,ACCESS-CM2
2023,-246.43837,ssp585,ACCESS-CM2
2024,-246.8788,ssp585,ACCESS-CM2
2025,-246.87906,ssp585,ACCESS-CM2
2026,-246.92958,ssp585,ACCESS-CM2
2027,-246.34094,ssp585,ACCESS-CM2
2028,-246.3508,ssp585,ACCESS-CM2
2029,-246.68721,ssp585,ACCESS-CM2
2030,-246.47331,ssp585,ACCESS-CM2
2031,-246.24434,ssp585,ACCESS-CM2
2032,-246.62206,ssp585,ACCESS-CM2
2033,-246.45,ssp585,ACCESS-CM2
2034,-246.39713,ssp585,ACCESS-CM2
2035,-246.52913,ssp585,ACCESS-CM2
2036,-246.64331,ssp585,ACCESS-CM2
2037,-246.07155,ssp585,ACCESS-CM2
2038,-246.4876,ssp585,ACCESS-CM2
2039,-246.48412,ssp585,ACCESS-CM2
2040,-246.11601,ssp585,ACCESS-CM2
2041,-246.07663,ssp585,ACCESS-CM2
2042,-246.3652,ssp585,ACCESS-CM2
2043,-246.02948,ssp585,ACCESS-CM2
2044,-245.80206,ssp585,ACCESS-CM2
2045,-245.95999,ssp585,ACCESS-CM2
2046,-245.90335,ssp585,ACCESS-CM2
2047,-246.01105,ssp585,ACCESS-CM2
2048,-245.80992,ssp585,ACCESS-CM2
2049,-246.06004,ssp585,ACCESS-CM2
2050,-245.88988,ssp585,ACCESS-CM2
2051,-246.07387,ssp585,ACCESS-CM2
2052,-245.84018,ssp585,ACCESS-CM2
2053,-245.28618,ssp585,ACCESS-CM2
2054,-245.50793,ssp585,ACCESS-CM2
2055,-245.73451,ssp585,ACCESS-CM2
2056,-245.63182,ssp585,ACCESS-CM2
2057,-245.60583,ssp585,ACCESS-CM2
2058,-245.42737,ssp585,ACCESS-CM2
2059,-245.52931,ssp585,ACCESS-CM2
2060,-245.16293,ssp585,ACCESS-CM2
2061,-245.20502,ssp585,ACCESS-CM2
2062,-245.11171,ssp585,ACCESS-CM2
2063,-245.00233,ssp585,ACCESS-CM2
2064,-244.48547,ssp585,ACCESS-CM2
2065,-245.32181,ssp585,ACCESS-CM2
2066,-245.05466,ssp585,ACCESS-CM2
2067,-244.65704,ssp585,ACCESS-CM2
2068,-245.05548,ssp585,ACCESS-CM2
2069,-244.65387,ssp585,ACCESS-CM2
2070,-244.73663,ssp585,ACCESS-CM2
2071,-244.51128,ssp585,ACCESS-CM2
2072,-244.7178,ssp585,ACCESS-CM2
2073,-244.63237,ssp585,ACCESS-CM2
2074,-244.61327,ssp585,ACCESS-CM2
2075,-244.44484,ssp585,ACCESS-CM2
2076,-244.53293,ssp585,ACCESS-CM2
2077,-244.57678,ssp585,ACCESS-CM2
2078,-244.29005,ssp585,ACCESS-CM2
2079,-244.52188,ssp585,ACCESS-CM2
2080,-244.22966,ssp585,ACCESS-CM2
2081,-244.39452,ssp585,ACCESS-CM2
2082,-244.16576,ssp585,ACCESS-CM2
2083,-244.54091,ssp585,ACCESS-CM2
2084,-243.91444,ssp585,ACCESS-CM2
2085,-244.1045,ssp585,ACCESS-CM2
2086,-243.9816,ssp585,ACCESS-CM2
2087,-243.71606,ssp585,ACCESS-CM2
2088,-243.92102,ssp585,ACCESS-CM2
2089,-244.1116,ssp585,ACCESS-CM2
2090,-243.87054,ssp585,ACCESS-CM2
2091,-243.85928,ssp585,ACCESS-CM2
2092,-243.85483,ssp585,ACCESS-CM2
2093,-243.7098,ssp585,ACCESS-CM2
2094,-243.46445,ssp585,ACCESS-CM2
2095,-243.5682,ssp585,ACCESS-CM2
2096,-243.22032,ssp585,ACCESS-CM2
2097,-243.36273,ssp585,ACCESS-CM2
2098,-242.79013,ssp585,ACCESS-CM2
2099,-242.88553,ssp585,ACCESS-CM2
2100,-243.04617,ssp585,ACCESS-CM2
2101,-243.1348,ssp585,ACCESS-CM2
2102,-242.8045,ssp585,ACCESS-CM2
2103,-242.69852,ssp585,ACCESS-CM2
2104,-242.66022,ssp585,ACCESS-CM2
2105,-242.52371,ssp585,ACCESS-CM2
2106,-242.58673,ssp585,ACCESS-CM2
2107,-242.43121,ssp585,ACCESS-CM2
2108,-242.49388,ssp585,ACCESS-CM2
2109,-242.28427,ssp585,ACCESS-CM2
2110,-242.49698,ssp585,ACCESS-CM2
2111,-242.12248,ssp585,ACCESS-CM2
2112,-242.0636,ssp585,ACCESS-CM2
2113,-242.41632,ssp585,ACCESS-CM2
2114,-241.7132,ssp585,ACCESS-CM2
2115,-241.81294,ssp585,ACCESS-CM2
2116,-241.98586,ssp585,ACCESS-CM2
2117,-241.55951,ssp585,ACCESS-CM2
2118,-241.99431,ssp585,ACCESS-CM2
2119,-241.82204,ssp585,ACCESS-CM2
2120,-241.49327,ssp585,ACCESS-CM2
2121,-241.691,ssp585,ACCESS-CM2
2122,-241.63368,ssp585,ACCESS-CM2
2123,-241.16208,ssp585,ACCESS-CM2
2124,-241.35936,ssp585,ACCESS-CM2
2125,-241.44855,ssp585,ACCESS-CM2
2126,-241.27812,ssp585,ACCESS-CM2
2127,-241.15962,ssp585,ACCESS-CM2
2128,-240.92621,ssp585,ACCESS-CM2
2129,-240.89565,ssp585,ACCESS-CM2
2130,-240.95952,ssp585,ACCESS-CM2
2131,-240.97218,ssp585,ACCESS-CM2
2132,-240.97905,ssp585,ACCESS-CM2
2133,-240.90553,ssp585,ACCESS-CM2
2134,-241.22083,ssp585,ACCESS-CM2
2135,-240.95372,ssp585,ACCESS-CM2
2136,-240.67404,ssp585,ACCESS-CM2
2137,-240.57318,ssp585,ACCESS-CM2
2138,-240.42651,ssp585,ACCESS-CM2
2139,-240.38988,ssp585,ACCESS-CM2
2140,-240.53638,ssp585,ACCESS-CM2
2141,-240.57314,ssp585,ACCESS-CM2
2142,-240.63832,ssp585,ACCESS-CM2
2143,-240.63194,ssp585,ACCESS-CM2
2144,-240.58937,ssp585,ACCESS-CM2
2145,-240.30252,ssp585,ACCESS-CM2
2146,-240.43861,ssp585,ACCESS-CM2
2147,-240.10396,ssp585,ACCESS-CM2
2148,-240.31102,ssp585,ACCESS-CM2
2149,-240.22057,ssp585,ACCESS-CM2
2150,-240.31372,ssp585,ACCESS-CM2
2151,-240.065,ssp585,ACCESS-CM2
2152,-239.66206,ssp585,ACCESS-CM2
2153,-240.32886,ssp585,ACCESS-CM2
2154,-240.19086,ssp585,ACCESS-CM2
2155,-239.97435,ssp585,ACCESS-CM2
2156,-240.18466,ssp585,ACCESS-CM2
2157,-240.06712,ssp585,ACCESS-CM2
2158,-239.81226,ssp585,ACCESS-CM2
2159,-239.7973,ssp585,ACCESS-CM2
2160,-239.93658,ssp585,ACCESS-CM2
2161,-240.13329,ssp585,ACCESS-CM2
2162,-240.08522,ssp585,ACCESS-CM2
2163,-239.66125,ssp585,ACCESS-CM2
2164,-239.95665,ssp585,ACCESS-CM2
2165,-239.93666,ssp585,ACCESS-CM2
2166,-240.03212,ssp585,ACCESS-CM2
2167,-239.92636,ssp585,ACCESS-CM2
2168,-239.53658,ssp585,ACCESS-CM2
2169,-239.68744,ssp585,ACCESS-CM2
2170,-239.8213,ssp585,ACCESS-CM2
2171,-239.87344,ssp585,ACCESS-CM2
2172,-239.63182,ssp585,ACCESS-CM2
2173,-239.58087,ssp585,ACCESS-CM2
2174,-239.38078,ssp585,ACCESS-CM2
2175,-239.49121,ssp585,ACCESS-CM2
2176,-239.16913,ssp585,ACCESS-CM2
2177,-239.40149,ssp585,ACCESS-CM2
2178,-239.36488,ssp585,ACCESS-CM2
2179,-239.33908,ssp585,ACCESS-CM2
2180,-239.3549,ssp585,ACCESS-CM2
2181,-239.27165,ssp585,ACCESS-CM2
2182,-239.08638,ssp585,ACCESS-CM2
2183,-238.93236,ssp585,ACCESS-CM2
2184,-239.13011,ssp585,ACCESS-CM2
2185,-239.21472,ssp585,ACCESS-CM2
2186,-239.29492,ssp585,ACCESS-CM2
2187,-238.9553,ssp585,ACCESS-CM2
2188,-239.2153,ssp585,ACCESS-CM2
2189,-238.96959,ssp585,ACCESS-CM2
2190,-238.81929,ssp585,ACCESS-CM2
2191,-238.98839,ssp585,ACCESS-CM2
2192,-238.89293,ssp585,ACCESS-CM2
2193,-238.81783,ssp585,ACCESS-CM2
2194,-238.96193,ssp585,ACCESS-CM2
2195,-239.04144,ssp585,ACCESS-CM2
2196,-238.77646,ssp585,ACCESS-CM2
2197,-238.83142,ssp585,ACCESS-CM2
2198,-238.94653,ssp585,ACCESS-CM2
2199,-238.84691,ssp585,ACCESS-CM2
2200,-238.83351,ssp585,ACCESS-CM2
2201,-238.84773,ssp585,ACCESS-CM2
2202,-238.94182,ssp585,ACCESS-CM2
2203,-238.61842,ssp585,ACCESS-CM2
2204,-238.61519,ssp585,ACCESS-CM2
2205,-238.74594,ssp585,ACCESS-CM2
2206,-238.79924,ssp585,ACCESS-CM2
2207,-238.6551,ssp585,ACCESS-CM2
2208,-238.52979,ssp585,ACCESS-CM2
2209,-238.39223,ssp585,ACCESS-CM2
2210,-238.51755,ssp585,ACCESS-CM2
2211,-238.67934,ssp585,ACCESS-CM2
2212,-238.53462,ssp585,ACCESS-CM2
2213,-238.35045,ssp585,ACCESS-CM2
2214,-238.46626,ssp585,ACCESS-CM2
2215,-238.73958,ssp585,ACCESS-CM2
2216,-238.5163,ssp585,ACCESS-CM2
2217,-238.54451,ssp585,ACCESS-CM2
2218,-238.5219,ssp585,ACCESS-CM2
2219,-238.66986,ssp585,ACCESS-CM2
2220,-238.81717,ssp585,ACCESS-CM2
2221,-238.37938,ssp585,ACCESS-CM2
2222,-238.43675,ssp585,ACCESS-CM2
2223,-238.25803,ssp585,ACCESS-CM2
2224,-238.31596,ssp585,ACCESS-CM2
2225,-238.32356,ssp585,ACCESS-CM2
2226,-238.49597,ssp585,ACCESS-CM2
2227,-238.11214,ssp585,ACCESS-CM2
2228,-238.3005,ssp585,ACCESS-CM2
2229,-238.4517,ssp585,ACCESS-CM2
2230,-238.46188,ssp585,ACCESS-CM2
2231,-238.30806,ssp585,ACCESS-CM2
2232,-238.36143,ssp585,ACCESS-CM2
2233,-238.34169,ssp585,ACCESS-CM2
2234,-238.27405,ssp585,ACCESS-CM2
2235,-237.93271,ssp585,ACCESS-CM2
2236,-238.30547,ssp585,ACCESS-CM2
2237,-238.19264,ssp585,ACCESS-CM2
2238,-238.19995,ssp585,ACCESS-CM2
2239,-237.97415,ssp585,ACCESS-CM2
2240,-238.33615,ssp585,ACCESS-CM2
2241,-238.21848,ssp585,ACCESS-CM2
2242,-238.15459,ssp585,ACCESS-CM2
2243,-238.02069,ssp585,ACCESS-CM2
2244,-238.15828,ssp585,ACCESS-CM2
2245,-238.20639,ssp585,ACCESS-CM2
2246,-238.0859,ssp585,ACCESS-CM2
2247,-238.23024,ssp585,ACCESS-CM2
2248,-238.32465,ssp585,ACCESS-CM2
2249,-238.26654,ssp585,ACCESS-CM2
2250,-238.1728,ssp585,ACCESS-CM2
2251,-237.80254,ssp585,ACCESS-CM2
2252,-238.12892,ssp585,ACCESS-CM2
2253,-238.25473,ssp585,ACCESS-CM2
2254,-238.0368,ssp585,ACCESS-CM2
2255,-237.74594,ssp585,ACCESS-CM2
2256,-238.02658,ssp585,ACCESS-CM2
2257,-238.1651,ssp585,ACCESS-CM2
2258,-238.17258,ssp585,ACCESS-CM2
2259,-237.93616,ssp585,ACCESS-CM2
2260,-237.89317,ssp585,ACCESS-CM2
2261,-238.26682,ssp585,ACCESS-CM2
2262,-238.07092,ssp585,ACCESS-CM2
2263,-237.96858,ssp585,ACCESS-CM2
2264,-238.05972,ssp585,ACCESS-CM2
2265,-238.07109,ssp585,ACCESS-CM2
2266,-237.97437,ssp585,ACCESS-CM2
2267,-237.77948,ssp585,ACCESS-CM2
2268,-237.92052,ssp585,ACCESS-CM2
2269,-237.93182,ssp585,ACCESS-CM2
2270,-237.99982,ssp585,ACCESS-CM2
2271,-237.8076,ssp585,ACCESS-CM2
2272,-237.85869,ssp585,ACCESS-CM2
2273,-237.91331,ssp585,ACCESS-CM2
2274,-237.90482,ssp585,ACCESS-CM2
2275,-237.99529,ssp585,ACCESS-CM2
2276,-238.11063,ssp585,ACCESS-CM2
2277,-237.96103,ssp585,ACCESS-CM2
2278,-238.0168,ssp585,ACCESS-CM2
2279,-238.07901,ssp585,ACCESS-CM2
2280,-238.0514,ssp585,ACCESS-CM2
2281,-237.96645,ssp585,ACCESS-CM2
2282,-237.99501,ssp585,ACCESS-CM2
2283,-238.20367,ssp585,ACCESS-CM2
2284,-238.28749,ssp585,ACCESS-CM2
2285,-237.93935,ssp585,ACCESS-CM2
2286,-237.97354,ssp585,ACCESS-CM2
2287,-237.96498,ssp585,ACCESS-CM2
2288,-238.1719,ssp585,ACCESS-CM2
2289,-237.87198,ssp585,ACCESS-CM2
2290,-238.01692,ssp585,ACCESS-CM2
2291,-237.82002,ssp585,ACCESS-CM2
2292,-238.0191,ssp585,ACCESS-CM2
2293,-238.17238,ssp585,ACCESS-CM2
2294,-238.05441,ssp585,ACCESS-CM2
2295,-238.01913,ssp585,ACCESS-CM2
2296,-237.96153,ssp585,ACCESS-CM2
2297,-237.69257,ssp585,ACCESS-CM2
2298,-237.78642,ssp585,ACCESS-CM2
2299,-237.88582,ssp585,ACCESS-CM2
2300,-237.76797,ssp585,ACCESS-CM2
