year,scenario,gas,value
1850,Historical,co2_ppm,284.15007736127274
1851,Historical,co2_ppm,283.6685386217343
1852,Historical,co2_ppm,283.31900181678265
1853,Historical,co2_ppm,284.6363181348746
1854,Historical,co2_ppm,284.48955009504203
1855,Historical,co2_ppm,283.81654207635
1856,Historical,co2_ppm,283.56053096923205
1857,Historical,co2_ppm,284.79840642744904
1858,Historical,co2_ppm,284.7998110907808
1859,Historical,co2_ppm,284.68415751649604
1860,Historical,co2_ppm,284.9212460562779
1861,Historical,co2_ppm,284.5041588749961
1862,Historical,co2_ppm,284.8972991863331
1863,Historical,co2_ppm,284.9859744223614
1864,Historical,co2_ppm,285.317879921249
1865,Historical,co2_ppm,286.2289474771996
1866,Historical,co2_ppm,286.35738321056334
1867,Historical,co2_ppm,286.39060963119704
1868,Historical,co2_ppm,286.3823341612013
1869,Historical,co2_ppm,286.24897562371007
1870,Historical,co2_ppm,286.05019043283295
1871,Historical,co2_ppm,286.4255066598021
1872,Historical,co2_ppm,287.00721135951505
1873,Historical,co2_ppm,287.4091754468399
1874,Historical,co2_ppm,287.21823554078264
1875,Historical,co2_ppm,287.50726777432357
1876,Historical,co2_ppm,287.2779637833159
1877,Historical,co2_ppm,287.43858172474853
1878,Historical,co2_ppm,287.54593526754235
1879,Historical,co2_ppm,287.84949921324636
1880,Historical,co2_ppm,288.46683580140717
1881,Historical,co2_ppm,288.56770813878785
1882,Historical,co2_ppm,288.2452469128496
1883,Historical,co2_ppm,288.76957158415985
1884,Historical,co2_ppm,289.48017156044494
1885,Historical,co2_ppm,289.37306051523325
1886,Historical,co2_ppm,289.3193001418929
1887,Historical,co2_ppm,289.31213870412745
1888,Historical,co2_ppm,290.06504574890073
1889,Historical,co2_ppm,290.86850750075723
1890,Historical,co2_ppm,291.0195992325636
1891,Historical,co2_ppm,291.1761507273265
1892,Historical,co2_ppm,291.5973589938678
1893,Historical,co2_ppm,292.2887839821854
1894,Historical,co2_ppm,292.58901402045825
1895,Historical,co2_ppm,292.7626202347494
1896,Historical,co2_ppm,293.22964312079745
1897,Historical,co2_ppm,293.3148806120966
1898,Historical,co2_ppm,293.28594361860456
1899,Historical,co2_ppm,293.9143278527249
1900,Historical,co2_ppm,295.06839497590954
1901,Historical,co2_ppm,295.3677760200462
1902,Historical,co2_ppm,294.6037513245706
1903,Historical,co2_ppm,294.5993414712672
1904,Historical,co2_ppm,295.5520200673712
1905,Historical,co2_ppm,296.3096030200973
1906,Historical,co2_ppm,296.1999921655891
1907,Historical,co2_ppm,296.1741546382351
1908,Historical,co2_ppm,296.58562909757
1909,Historical,co2_ppm,297.5223355499542
1910,Historical,co2_ppm,297.7983462599611
1911,Historical,co2_ppm,298.4329409235199
1912,Historical,co2_ppm,298.3342300597745
1913,Historical,co2_ppm,298.51027743976096
1914,Historical,co2_ppm,298.8350947155039
1915,Historical,co2_ppm,299.9293787445634
1916,Historical,co2_ppm,300.39388306888577
1917,Historical,co2_ppm,301.19073442848105
1918,Historical,co2_ppm,301.5244691221712
1919,Historical,co2_ppm,302.5744480763172
1920,Historical,co2_ppm,302.7559768705237
1921,Historical,co2_ppm,302.2043091798013
1922,Historical,co2_ppm,302.8555178060865
1923,Historical,co2_ppm,304.0931167725243
1924,Historical,co2_ppm,303.81037606377686
1925,Historical,co2_ppm,303.43281759800726
1926,Historical,co2_ppm,303.95944343932905
1927,Historical,co2_ppm,304.38820029861307
1928,Historical,co2_ppm,305.60151374232424
1929,Historical,co2_ppm,305.6390815355121
1930,Historical,co2_ppm,305.6482113396223
1931,Historical,co2_ppm,305.7368537019931
1932,Historical,co2_ppm,306.58337083207306
1933,Historical,co2_ppm,306.77526294090677
1934,Historical,co2_ppm,306.1906363084312
1935,Historical,co2_ppm,306.19105740577004
1936,Historical,co2_ppm,306.5152666837704
1937,Historical,co2_ppm,307.31870329525515
1938,Historical,co2_ppm,307.96003360391205
1939,Historical,co2_ppm,308.6748682801978
1940,Historical,co2_ppm,309.6507307403487
1941,Historical,co2_ppm,309.8023240164809
1942,Historical,co2_ppm,309.63669141784374
1943,Historical,co2_ppm,310.6975012624394
1944,Historical,co2_ppm,311.39417554509834
1945,Historical,co2_ppm,310.9706830215726
1946,Historical,co2_ppm,310.62098148655946
1947,Historical,co2_ppm,311.4005717316401
1948,Historical,co2_ppm,311.6880212744568
1949,Historical,co2_ppm,311.1395902133493
1950,Historical,co2_ppm,311.7894682396529
1951,Historical,co2_ppm,311.7625856276404
1952,Historical,co2_ppm,311.499198979812
1953,Historical,co2_ppm,312.3860170035358
1954,Historical,co2_ppm,312.5796558839031
1955,Historical,co2_ppm,312.8882883976649
1956,Historical,co2_ppm,312.75332554918697
1957,Historical,co2_ppm,313.14384733158084
1958,Historical,co2_ppm,314.05018572871205
1959,Historical,co2_ppm,314.2543331100773
1960,Historical,co2_ppm,314.3492449243625
1961,Historical,co2_ppm,314.67651900376785
1962,Historical,co2_ppm,315.3515166872662
1963,Historical,co2_ppm,316.37354805791887
1964,Historical,co2_ppm,316.36840182930194
1965,Historical,co2_ppm,316.777585575301
1966,Historical,co2_ppm,317.5133840014469
1967,Historical,co2_ppm,319.3903125190748
1968,Historical,co2_ppm,319.64143169515256
1969,Historical,co2_ppm,319.7960686327969
1970,Historical,co2_ppm,321.026090389011
1971,Historical,co2_ppm,321.82316810384856
1972,Historical,co2_ppm,323.4236735438048
1973,Historical,co2_ppm,324.7656640854437
1974,Historical,co2_ppm,326.14830483274386
1975,Historical,co2_ppm,327.1946969732821
1976,Historical,co2_ppm,328.25550943664126
1977,Historical,co2_ppm,329.3660624866724
1978,Historical,co2_ppm,330.35065515719907
1979,Historical,co2_ppm,331.5104961915032
1980,Historical,co2_ppm,332.8743439147263
1981,Historical,co2_ppm,334.91290566391825
1982,Historical,co2_ppm,337.34017897958614
1983,Historical,co2_ppm,337.8185631849664
1984,Historical,co2_ppm,338.5139429973972
1985,Historical,co2_ppm,340.01970153335424
1986,Historical,co2_ppm,341.62972780978436
1987,Historical,co2_ppm,343.40714908897434
1988,Historical,co2_ppm,344.8662814077308
1989,Historical,co2_ppm,346.52247883811305
1990,Historical,co2_ppm,348.8153743288877
1991,Historical,co2_ppm,350.4527471657138
1992,Historical,co2_ppm,351.157927258138
1993,Historical,co2_ppm,351.6561750842745
1994,Historical,co2_ppm,353.707337357629
1995,Historical,co2_ppm,354.876225881889
1996,Historical,co2_ppm,355.82214850708937
1997,Historical,co2_ppm,356.9065132052053
1998,Historical,co2_ppm,358.79038090375593
1999,Historical,co2_ppm,360.95179039954587
2000,Historical,co2_ppm,363.3116684673111
2001,Historical,co2_ppm,365.20340873215827
2002,Historical,co2_ppm,366.66620365663744
2003,Historical,co2_ppm,367.64605656805816
2004,Historical,co2_ppm,370.5732267325746
2005,Historical,co2_ppm,372.52647778907385
2006,Historical,co2_ppm,373.6964521023742
2007,Historical,co2_ppm,375.33911496598733
2008,Historical,co2_ppm,377.5533861673511
2009,Historical,co2_ppm,379.9137788037787
2010,Historical,co2_ppm,381.910375949818
2011,Historical,co2_ppm,383.07887356221494
2012,Historical,co2_ppm,385.6140081554784
2013,Historical,co2_ppm,388.55811042601414
2014,Historical,co2_ppm,389.82296660256674
2015,SSP1-1.9,co2_ppm,391.70398927965056
2016,SSP1-1.9,co2_ppm,393.86375831080403
2017,SSP1-1.9,co2_ppm,396.9337980598115
2018,SSP1-1.9,co2_ppm,400.01648469972525
2019,SSP1-1.9,co2_ppm,401.41711215058257
2020,SSP1-1.9,co2_ppm,403.7066917561208
2021,SSP1-1.9,co2_ppm,406.9674866670207
2022,SSP1-1.9,co2_ppm,410.19151252474757
2023,SSP1-1.9,co2_ppm,412.80969017054696
2024,SSP1-1.9,co2_ppm,415.03701835504245
2025,SSP1-1.9,co2_ppm,417.0403656028565
2026,SSP1-1.9,co2_ppm,419.83205896480143
2027,SSP1-1.9,co2_ppm,421.6299218122817
2028,SSP1-1.9,co2_ppm,423.70244807288645
2029,SSP1-1.9,co2_ppm,425.4660855389862
2030,SSP1-1.9,co2_ppm,426.8702002561026
2031,SSP1-1.9,co2_ppm,428.9681903896878
2032,SSP1-1.9,co2_ppm,430.2341182211512
2033,SSP1-1.9,co2_ppm,430.98238713395625
2034,SSP1-1.9,co2_ppm,431.7506593741232
2035,SSP1-1.9,co2_ppm,432.667793049699
2036,SSP1-1.9,co2_ppm,434.0510754955567
2037,SSP1-1.9,co2_ppm,433.68103859936156
2038,SSP1-1.9,co2_ppm,433.9933904349455
2039,SSP1-1.9,co2_ppm,434.90619801564475
2040,SSP1-1.9,co2_ppm,435.71519377369486
2041,SSP1-1.9,co2_ppm,435.7443532332016
2042,SSP1-1.9,co2_ppm,435.83368157880795
2043,SSP1-1.9,co2_ppm,435.8999612558857
2044,SSP1-1.9,co2_ppm,435.9515988548172
2045,SSP1-1.9,co2_ppm,436.01029080693223
2046,SSP1-1.9,co2_ppm,435.6015933152439
2047,SSP1-1.9,co2_ppm,435.5666292053216
2048,SSP1-1.9,co2_ppm,434.9524502524244
2049,SSP1-1.9,co2_ppm,433.8839129716533
2050,SSP1-1.9,co2_ppm,434.51489153427366
2051,SSP1-1.9,co2_ppm,434.3462647387873
2052,SSP1-1.9,co2_ppm,434.088401868391
2053,SSP1-1.9,co2_ppm,432.83426955749434
2054,SSP1-1.9,co2_ppm,432.6718339612496
2055,SSP1-1.9,co2_ppm,432.47266368825694
2056,SSP1-1.9,co2_ppm,431.29095866033526
2057,SSP1-1.9,co2_ppm,431.03050334031906
2058,SSP1-1.9,co2_ppm,430.6039947428492
2059,SSP1-1.9,co2_ppm,430.2101000909751
2060,SSP1-1.9,co2_ppm,429.34030621360284
2061,SSP1-1.9,co2_ppm,428.78119364489817
2062,SSP1-1.9,co2_ppm,428.5451474098006
2063,SSP1-1.9,co2_ppm,427.991149478333
2064,SSP1-1.9,co2_ppm,426.7204358109025
2065,SSP1-1.9,co2_ppm,426.0631554206164
2066,SSP1-1.9,co2_ppm,425.16587659260625
2067,SSP1-1.9,co2_ppm,424.09796099753953
2068,SSP1-1.9,co2_ppm,424.2602790873157
2069,SSP1-1.9,co2_ppm,423.65394369712834
2070,SSP1-1.9,co2_ppm,422.3559823934574
2071,SSP1-1.9,co2_ppm,422.125558748023
2072,SSP1-1.9,co2_ppm,420.583981539495
2073,SSP1-1.9,co2_ppm,419.5359454866089
2074,SSP1-1.9,co2_ppm,419.47911544244744
2075,SSP1-1.9,co2_ppm,418.40924205694233
2076,SSP1-1.9,co2_ppm,417.2009956847815
2077,SSP1-1.9,co2_ppm,417.2514919978044
2078,SSP1-1.9,co2_ppm,416.0728802274894
2079,SSP1-1.9,co2_ppm,415.1686079207559
2080,SSP1-1.9,co2_ppm,414.95429187716513
2081,SSP1-1.9,co2_ppm,413.4860510313851
2082,SSP1-1.9,co2_ppm,412.8750546441663
2083,SSP1-1.9,co2_ppm,412.1099049493769
2084,SSP1-1.9,co2_ppm,410.9239058150001
2085,SSP1-1.9,co2_ppm,409.7185235470966
2086,SSP1-1.9,co2_ppm,409.5065511299127
2087,SSP1-1.9,co2_ppm,408.3345252763185
2088,SSP1-1.9,co2_ppm,406.90787645282484
2089,SSP1-1.9,co2_ppm,406.38210267682535
2090,SSP1-1.9,co2_ppm,404.94067985720886
2091,SSP1-1.9,co2_ppm,403.69778182147655
2092,SSP1-1.9,co2_ppm,403.4417275261588
2093,SSP1-1.9,co2_ppm,401.85884010899616
2094,SSP1-1.9,co2_ppm,400.3840921140666
2095,SSP1-1.9,co2_ppm,400.0433572206162
2096,SSP1-1.9,co2_ppm,398.4186370485156
2097,SSP1-1.9,co2_ppm,397.2109719952848
2098,SSP1-1.9,co2_ppm,396.4766698869169
2099,SSP1-1.9,co2_ppm,395.42889001791065
2100,SSP1-1.9,co2_ppm,394.30977045323743
2015,SSP1-2.6,co2_ppm,391.8557754126837
2016,SSP1-2.6,co2_ppm,393.77986735332735
2017,SSP1-2.6,co2_ppm,396.98786989646766
2018,SSP1-2.6,co2_ppm,399.34680051729833
2019,SSP1-2.6,co2_ppm,401.1249053035049
2020,SSP1-2.6,co2_ppm,404.29465231441145
2021,SSP1-2.6,co2_ppm,407.75069192390055
2022,SSP1-2.6,co2_ppm,410.0808560816335
2023,SSP1-2.6,co2_ppm,412.1086617351603
2024,SSP1-2.6,co2_ppm,415.12020452933433
2025,SSP1-2.6,co2_ppm,417.9400792981036
2026,SSP1-2.6,co2_ppm,420.97914988024587
2027,SSP1-2.6,co2_ppm,422.74425684680915
2028,SSP1-2.6,co2_ppm,424.9451492250641
2029,SSP1-2.6,co2_ppm,427.7880976155868
2030,SSP1-2.6,co2_ppm,430.3756307439706
2031,SSP1-2.6,co2_ppm,432.81843949429117
2032,SSP1-2.6,co2_ppm,434.4710568052603
2033,SSP1-2.6,co2_ppm,436.37148837422916
2034,SSP1-2.6,co2_ppm,439.0563912083887
2035,SSP1-2.6,co2_ppm,440.9499257271759
2036,SSP1-2.6,co2_ppm,442.6732600366131
2037,SSP1-2.6,co2_ppm,444.9996634891839
2038,SSP1-2.6,co2_ppm,446.3603590483056
2039,SSP1-2.6,co2_ppm,448.2441347943787
2040,SSP1-2.6,co2_ppm,449.5311774716556
2041,SSP1-2.6,co2_ppm,451.1816931094093
2042,SSP1-2.6,co2_ppm,453.82718176815933
2043,SSP1-2.6,co2_ppm,454.8876947079855
2044,SSP1-2.6,co2_ppm,455.6459283563274
2045,SSP1-2.6,co2_ppm,457.2884295417835
2046,SSP1-2.6,co2_ppm,458.7561565651478
2047,SSP1-2.6,co2_ppm,460.096113101006
2048,SSP1-2.6,co2_ppm,460.82611535795263
2049,SSP1-2.6,co2_ppm,462.07571318770744
2050,SSP1-2.6,co2_ppm,462.81198029058845
2051,SSP1-2.6,co2_ppm,463.2487894104674
2052,SSP1-2.6,co2_ppm,464.36225004689453
2053,SSP1-2.6,co2_ppm,464.9987533479289
2054,SSP1-2.6,co2_ppm,465.94288361332
2055,SSP1-2.6,co2_ppm,467.18322812292234
2056,SSP1-2.6,co2_ppm,467.3096056033424
2057,SSP1-2.6,co2_ppm,467.3644763935852
2058,SSP1-2.6,co2_ppm,467.31141594136443
2059,SSP1-2.6,co2_ppm,467.44066933987915
2060,SSP1-2.6,co2_ppm,468.4674205128088
2061,SSP1-2.6,co2_ppm,469.8047531175364
2062,SSP1-2.6,co2_ppm,469.6196192901028
2063,SSP1-2.6,co2_ppm,469.37284997730194
2064,SSP1-2.6,co2_ppm,469.2180711389612
2065,SSP1-2.6,co2_ppm,469.0652249606255
2066,SSP1-2.6,co2_ppm,469.55061434813643
2067,SSP1-2.6,co2_ppm,469.3111111553758
2068,SSP1-2.6,co2_ppm,469.449525962829
2069,SSP1-2.6,co2_ppm,469.89403139057237
2070,SSP1-2.6,co2_ppm,469.52418497887015
2071,SSP1-2.6,co2_ppm,468.7511785447678
2072,SSP1-2.6,co2_ppm,468.52288813262766
2073,SSP1-2.6,co2_ppm,468.18770587760423
2074,SSP1-2.6,co2_ppm,468.320073710757
2075,SSP1-2.6,co2_ppm,468.03978453310515
2076,SSP1-2.6,co2_ppm,467.2118558775632
2077,SSP1-2.6,co2_ppm,467.0604506070595
2078,SSP1-2.6,co2_ppm,467.4911205448929
2079,SSP1-2.6,co2_ppm,466.39784559915466
2080,SSP1-2.6,co2_ppm,465.4297204860384
2081,SSP1-2.6,co2_ppm,464.62040364197236
2082,SSP1-2.6,co2_ppm,463.8272092250957
2083,SSP1-2.6,co2_ppm,463.5354316577861
2084,SSP1-2.6,co2_ppm,461.4339199419364
2085,SSP1-2.6,co2_ppm,459.9226276674554
2086,SSP1-2.6,co2_ppm,460.41401642174486
2087,SSP1-2.6,co2_ppm,459.5818904391743
2088,SSP1-2.6,co2_ppm,458.0391275068798
2089,SSP1-2.6,co2_ppm,456.9337817384932
2090,SSP1-2.6,co2_ppm,456.32339209679407
2091,SSP1-2.6,co2_ppm,455.1918415432053
2092,SSP1-2.6,co2_ppm,453.72002008334
2093,SSP1-2.6,co2_ppm,452.97538293010916
2094,SSP1-2.6,co2_ppm,451.2522733745123
2095,SSP1-2.6,co2_ppm,449.69918583131783
2096,SSP1-2.6,co2_ppm,448.79013949994965
2097,SSP1-2.6,co2_ppm,448.1869091296182
2098,SSP1-2.6,co2_ppm,447.3634053846613
2099,SSP1-2.6,co2_ppm,446.19808885305525
2100,SSP1-2.6,co2_ppm,445.3350046571807
2015,SSP2-4.5,co2_ppm,391.81396208041406
2016,SSP2-4.5,co2_ppm,393.88721671763363
2017,SSP2-4.5,co2_ppm,397.0453831731549
2018,SSP2-4.5,co2_ppm,399.6545501744233
2019,SSP2-4.5,co2_ppm,403.29017308420015
2020,SSP2-4.5,co2_ppm,404.9587298362308
2021,SSP2-4.5,co2_ppm,406.9494540251074
2022,SSP2-4.5,co2_ppm,410.24444918939326
2023,SSP2-4.5,co2_ppm,413.4316823496906
2024,SSP2-4.5,co2_ppm,416.67883460104525
2025,SSP2-4.5,co2_ppm,418.7745269893159
2026,SSP2-4.5,co2_ppm,422.036925892741
2027,SSP2-4.5,co2_ppm,424.8892273655729
2028,SSP2-4.5,co2_ppm,427.84262584234426
2029,SSP2-4.5,co2_ppm,430.21818043108163
2030,SSP2-4.5,co2_ppm,433.73161647294813
2031,SSP2-4.5,co2_ppm,436.433304197944
2032,SSP2-4.5,co2_ppm,439.1806456949139
2033,SSP2-4.5,co2_ppm,442.0455594311229
2034,SSP2-4.5,co2_ppm,445.01191102932216
2035,SSP2-4.5,co2_ppm,448.02858686011456
2036,SSP2-4.5,co2_ppm,451.3945383758969
2037,SSP2-4.5,co2_ppm,454.8164725703843
2038,SSP2-4.5,co2_ppm,457.7606947329795
2039,SSP2-4.5,co2_ppm,461.0103238727141
2040,SSP2-4.5,co2_ppm,463.6182934908434
2041,SSP2-4.5,co2_ppm,466.79970232466667
2042,SSP2-4.5,co2_ppm,469.9317366249093
2043,SSP2-4.5,co2_ppm,473.2232085673395
2044,SSP2-4.5,co2_ppm,476.35686853793544
2045,SSP2-4.5,co2_ppm,479.3617754223635
2046,SSP2-4.5,co2_ppm,482.24374440161756
2047,SSP2-4.5,co2_ppm,485.46437035800795
2048,SSP2-4.5,co2_ppm,487.95227315497254
2049,SSP2-4.5,co2_ppm,491.5678710061524
2050,SSP2-4.5,co2_ppm,494.7805488315974
2051,SSP2-4.5,co2_ppm,497.49831325522723
2052,SSP2-4.5,co2_ppm,500.95793275246
2053,SSP2-4.5,co2_ppm,504.70070003701545
2054,SSP2-4.5,co2_ppm,507.95471131335995
2055,SSP2-4.5,co2_ppm,510.5333143878124
2056,SSP2-4.5,co2_ppm,514.1987524411826
2057,SSP2-4.5,co2_ppm,516.9149460136213
2058,SSP2-4.5,co2_ppm,518.7032102860691
2059,SSP2-4.5,co2_ppm,521.3888999217137
2060,SSP2-4.5,co2_ppm,525.3142927796839
2061,SSP2-4.5,co2_ppm,528.3276701966219
2062,SSP2-4.5,co2_ppm,531.4014273636426
2063,SSP2-4.5,co2_ppm,533.9716679032515
2064,SSP2-4.5,co2_ppm,537.5608647706588
2065,SSP2-4.5,co2_ppm,539.6487629608827
2066,SSP2-4.5,co2_ppm,541.6850473803728
2067,SSP2-4.5,co2_ppm,544.9792522799045
2068,SSP2-4.5,co2_ppm,547.849459319867
2069,SSP2-4.5,co2_ppm,550.3738470946442
2070,SSP2-4.5,co2_ppm,552.2238875552802
2071,SSP2-4.5,co2_ppm,554.1684038056541
2072,SSP2-4.5,co2_ppm,557.5026343847906
2073,SSP2-4.5,co2_ppm,560.5530383004403
2074,SSP2-4.5,co2_ppm,562.5189498455225
2075,SSP2-4.5,co2_ppm,564.9962304737901
2076,SSP2-4.5,co2_ppm,567.947649928011
2077,SSP2-4.5,co2_ppm,569.5921795151065
2078,SSP2-4.5,co2_ppm,570.9178545062156
2079,SSP2-4.5,co2_ppm,572.7224332369168
2080,SSP2-4.5,co2_ppm,575.1997095897191
2081,SSP2-4.5,co2_ppm,576.4505600388287
2082,SSP2-4.5,co2_ppm,578.5320705293238
2083,SSP2-4.5,co2_ppm,580.832069078033
2084,SSP2-4.5,co2_ppm,581.8251558689152
2085,SSP2-4.5,co2_ppm,583.090538494093
2086,SSP2-4.5,co2_ppm,586.1711105617412
2087,SSP2-4.5,co2_ppm,586.6398210915003
2088,SSP2-4.5,co2_ppm,587.1535244862256
2089,SSP2-4.5,co2_ppm,589.8671175893469
2090,SSP2-4.5,co2_ppm,590.8448716663111
2091,SSP2-4.5,co2_ppm,590.6230080699272
2092,SSP2-4.5,co2_ppm,591.8897247788749
2093,SSP2-4.5,co2_ppm,593.4553263680367
2094,SSP2-4.5,co2_ppm,593.1254530874388
2095,SSP2-4.5,co2_ppm,594.0916246572308
2096,SSP2-4.5,co2_ppm,593.8055156621289
2097,SSP2-4.5,co2_ppm,594.1438799942397
2098,SSP2-4.5,co2_ppm,596.669200994622
2099,SSP2-4.5,co2_ppm,596.1421925592759
2100,SSP2-4.5,co2_ppm,596.323294987419
2015,SSP3-7.0,co2_ppm,391.8564017795787
2016,SSP3-7.0,co2_ppm,394.4501106552386
2017,SSP3-7.0,co2_ppm,397.72997646664317
2018,SSP3-7.0,co2_ppm,400.46765420960037
2019,SSP3-7.0,co2_ppm,402.1990196081899
2020,SSP3-7.0,co2_ppm,404.8208832282994
2021,SSP3-7.0,co2_ppm,408.08356365060416
2022,SSP3-7.0,co2_ppm,411.55046482031815
2023,SSP3-7.0,co2_ppm,414.09309001045716
2024,SSP3-7.0,co2_ppm,416.971110351646
2025,SSP3-7.0,co2_ppm,421.4184836163204
2026,SSP3-7.0,co2_ppm,424.67051385484405
2027,SSP3-7.0,co2_ppm,427.44804147985525
2028,SSP3-7.0,co2_ppm,431.41470698120565
2029,SSP3-7.0,co2_ppm,435.4043255701967
2030,SSP3-7.0,co2_ppm,439.292550652982
2031,SSP3-7.0,co2_ppm,442.0234655991901
2032,SSP3-7.0,co2_ppm,446.33506700696006
2033,SSP3-7.0,co2_ppm,450.7217190740721
2034,SSP3-7.0,co2_ppm,454.8044011566553
2035,SSP3-7.0,co2_ppm,458.4017978396153
2036,SSP3-7.0,co2_ppm,462.3187538844593
2037,SSP3-7.0,co2_ppm,466.4013089006863
2038,SSP3-7.0,co2_ppm,470.6771118227496
2039,SSP3-7.0,co2_ppm,474.40169259197387
2040,SSP3-7.0,co2_ppm,478.25456223056364
2041,SSP3-7.0,co2_ppm,482.95317474236117
2042,SSP3-7.0,co2_ppm,488.1282288313693
2043,SSP3-7.0,co2_ppm,492.2364217673389
2044,SSP3-7.0,co2_ppm,496.1357968311351
2045,SSP3-7.0,co2_ppm,501.2540947259438
2046,SSP3-7.0,co2_ppm,505.77036893440663
2047,SSP3-7.0,co2_ppm,510.28670637713066
2048,SSP3-7.0,co2_ppm,515.6622447908534
2049,SSP3-7.0,co2_ppm,520.2173975585176
2050,SSP3-7.0,co2_ppm,524.0902645292247
2051,SSP3-7.0,co2_ppm,530.1925638303479
2052,SSP3-7.0,co2_ppm,535.0449429099573
2053,SSP3-7.0,co2_ppm,539.4668302243197
2054,SSP3-7.0,co2_ppm,544.3732000169867
2055,SSP3-7.0,co2_ppm,548.2984335504926
2056,SSP3-7.0,co2_ppm,553.4343822226461
2057,SSP3-7.0,co2_ppm,559.4670749848348
2058,SSP3-7.0,co2_ppm,564.9413160385027
2059,SSP3-7.0,co2_ppm,569.9935421105541
2060,SSP3-7.0,co2_ppm,575.9784411667682
2061,SSP3-7.0,co2_ppm,581.7760213711762
2062,SSP3-7.0,co2_ppm,587.7304065290068
2063,SSP3-7.0,co2_ppm,592.0765049646421
2064,SSP3-7.0,co2_ppm,597.1966717511867
2065,SSP3-7.0,co2_ppm,603.7568273846272
2066,SSP3-7.0,co2_ppm,608.6112579708704
2067,SSP3-7.0,co2_ppm,613.6772974930376
2068,SSP3-7.0,co2_ppm,619.8399568198356
2069,SSP3-7.0,co2_ppm,626.9131256589837
2070,SSP3-7.0,co2_ppm,632.6587592061
2071,SSP3-7.0,co2_ppm,637.5231513001723
2072,SSP3-7.0,co2_ppm,643.6169353488435
2073,SSP3-7.0,co2_ppm,650.2863639250287
2074,SSP3-7.0,co2_ppm,656.9216137283718
2075,SSP3-7.0,co2_ppm,662.1537278929699
2076,SSP3-7.0,co2_ppm,667.8248392255356
2077,SSP3-7.0,co2_ppm,673.7966272643324
2078,SSP3-7.0,co2_ppm,680.8616737251663
2079,SSP3-7.0,co2_ppm,687.4031194716308
2080,SSP3-7.0,co2_ppm,693.9624369930071
2081,SSP3-7.0,co2_ppm,700.7947393415271
2082,SSP3-7.0,co2_ppm,707.9410868362407
2083,SSP3-7.0,co2_ppm,714.6640197131775
2084,SSP3-7.0,co2_ppm,721.3382568949814
2085,SSP3-7.0,co2_ppm,728.5662798960657
2086,SSP3-7.0,co2_ppm,736.6461073131965
2087,SSP3-7.0,co2_ppm,743.8093481232448
2088,SSP3-7.0,co2_ppm,750.9498290783698
2089,SSP3-7.0,co2_ppm,757.409916645257
2090,SSP3-7.0,co2_ppm,764.223616974245
2091,SSP3-7.0,co2_ppm,771.3909674349433
2092,SSP3-7.0,co2_ppm,777.892244045533
2093,SSP3-7.0,co2_ppm,785.5232364682793
2094,SSP3-7.0,co2_ppm,794.8334873535532
2095,SSP3-7.0,co2_ppm,801.278706679277
2096,SSP3-7.0,co2_ppm,809.3452303297067
2097,SSP3-7.0,co2_ppm,817.3906018363529
2098,SSP3-7.0,co2_ppm,824.6404891828118
2099,SSP3-7.0,co2_ppm,832.7344662909536
2100,SSP3-7.0,co2_ppm,840.7737261556123
2015,SSP5-8.5,co2_ppm,391.74064239870563
2016,SSP5-8.5,co2_ppm,393.98084464506564
2017,SSP5-8.5,co2_ppm,397.03157312177376
2018,SSP5-8.5,co2_ppm,399.4286686743517
2019,SSP5-8.5,co2_ppm,402.3577004281606
2020,SSP5-8.5,co2_ppm,404.8337461166571
2021,SSP5-8.5,co2_ppm,408.0145233504611
2022,SSP5-8.5,co2_ppm,411.2781520048322
2023,SSP5-8.5,co2_ppm,413.96912061779517
2024,SSP5-8.5,co2_ppm,417.04696700010123
2025,SSP5-8.5,co2_ppm,420.5529934499998
2026,SSP5-8.5,co2_ppm,424.3562119227185
2027,SSP5-8.5,co2_ppm,427.4716684177469
2028,SSP5-8.5,co2_ppm,431.1633924535027
2029,SSP5-8.5,co2_ppm,435.9312771202701
2030,SSP5-8.5,co2_ppm,438.9923088109629
2031,SSP5-8.5,co2_ppm,442.3032089588384
2032,SSP5-8.5,co2_ppm,446.8013423238365
2033,SSP5-8.5,co2_ppm,451.0380578956272
2034,SSP5-8.5,co2_ppm,454.8904056541003
2035,SSP5-8.5,co2_ppm,458.9212310653522
2036,SSP5-8.5,co2_ppm,463.8215740191379
2037,SSP5-8.5,co2_ppm,469.35942796235736
2038,SSP5-8.5,co2_ppm,473.61431548057993
2039,SSP5-8.5,co2_ppm,477.951027755845
2040,SSP5-8.5,co2_ppm,483.51914379301724
2041,SSP5-8.5,co2_ppm,488.3937743476077
2042,SSP5-8.5,co2_ppm,494.08481669712006
2043,SSP5-8.5,co2_ppm,500.15418024549143
2044,SSP5-8.5,co2_ppm,505.9220625393023
2045,SSP5-8.5,co2_ppm,512.103509723907
2046,SSP5-8.5,co2_ppm,517.6747663747116
2047,SSP5-8.5,co2_ppm,522.7685658886963
2048,SSP5-8.5,co2_ppm,529.0429843067117
2049,SSP5-8.5,co2_ppm,536.2452444272885
2050,SSP5-8.5,co2_ppm,542.2656749102563
2051,SSP5-8.5,co2_ppm,548.223410400713
2052,SSP5-8.5,co2_ppm,555.7802832046706
2053,SSP5-8.5,co2_ppm,563.2806624530887
2054,SSP5-8.5,co2_ppm,569.7900810476616
2055,SSP5-8.5,co2_ppm,577.8156665759044
2056,SSP5-8.5,co2_ppm,584.3340658050159
2057,SSP5-8.5,co2_ppm,591.8436459086414
2058,SSP5-8.5,co2_ppm,600.149276988292
2059,SSP5-8.5,co2_ppm,609.2271763919222
2060,SSP5-8.5,co2_ppm,616.5609311572903
2061,SSP5-8.5,co2_ppm,625.455668738556
2062,SSP5-8.5,co2_ppm,635.0668879521942
2063,SSP5-8.5,co2_ppm,643.7461663778748
2064,SSP5-8.5,co2_ppm,654.0284183792054
2065,SSP5-8.5,co2_ppm,662.8338783327382
2066,SSP5-8.5,co2_ppm,671.3950694421641
2067,SSP5-8.5,co2_ppm,681.4384918094698
2068,SSP5-8.5,co2_ppm,691.2681059160274
2069,SSP5-8.5,co2_ppm,701.8278742391017
2070,SSP5-8.5,co2_ppm,712.5265522291901
2071,SSP5-8.5,co2_ppm,724.4347890721693
2072,SSP5-8.5,co2_ppm,734.2875888451449
2073,SSP5-8.5,co2_ppm,744.7564146674614
2074,SSP5-8.5,co2_ppm,757.307225537646
2075,SSP5-8.5,co2_ppm,768.7933661494527
2076,SSP5-8.5,co2_ppm,778.6506546903448
2077,SSP5-8.5,co2_ppm,790.3697098780921
2078,SSP5-8.5,co2_ppm,802.8912802814406
2079,SSP5-8.5,co2_ppm,815.3672999208337
2080,SSP5-8.5,co2_ppm,827.6628394203722
2081,SSP5-8.5,co2_ppm,841.1300370945054
2082,SSP5-8.5,co2_ppm,855.5127661875516
2083,SSP5-8.5,co2_ppm,866.6696891185729
2084,SSP5-8.5,co2_ppm,879.2416374195277
2085,SSP5-8.5,co2_ppm,892.226695115848
2086,SSP5-8.5,co2_ppm,906.021647362807
2087,SSP5-8.5,co2_ppm,918.8124761312215
2088,SSP5-8.5,co2_ppm,930.4336865307893
2089,SSP5-8.5,co2_ppm,945.0616171332969
2090,SSP5-8.5,co2_ppm,958.9207367828245
2091,SSP5-8.5,co2_ppm,972.6768110063205
2092,SSP5-8.5,co2_ppm,986.671155853307
2093,SSP5-8.5,co2_ppm,1000.0135420763517
2094,SSP5-8.5,co2_ppm,1013.036422740587
2095,SSP5-8.5,co2_ppm,1025.9122078756536
2096,SSP5-8.5,co2_ppm,1040.5555787688988
2097,SSP5-8.5,co2_ppm,1053.081276609537
2098,SSP5-8.5,co2_ppm,1066.714040290594
2099,SSP5-8.5,co2_ppm,1082.0298197839554
2100,SSP5-8.5,co2_ppm,1094.3510002989703
1850,Historical,ch4_ppb,560.7472334319665
1851,Historical,ch4_ppb,564.9643775091931
1852,Historical,ch4_ppb,562.1538383435806
1853,Historical,ch4_ppb,560.9208031863484
1854,Historical,ch4_ppb,562.3371062226138
1855,Historical,ch4_ppb,568.5281333748669
1856,Historical,ch4_ppb,567.1474025522288
1857,Historical,ch4_ppb,565.222212584139
1858,Historical,ch4_ppb,570.5573753795622
1859,Historical,ch4_ppb,571.2389651703038
1860,Historical,ch4_ppb,573.3640850030911
1861,Historical,ch4_ppb,574.0839557513377
1862,Historical,ch4_ppb,572.0312553422287
1863,Historical,ch4_ppb,578.2952232185237
1864,Historical,ch4_ppb,581.3637463203578
1865,Historical,ch4_ppb,582.0621188508567
1866,Historical,ch4_ppb,579.8928760300441
1867,Historical,ch4_ppb,587.624448779525
1868,Historical,ch4_ppb,590.0773241825499
1869,Historical,ch4_ppb,590.5313145243463
1870,Historical,ch4_ppb,593.9954583309855
1871,Historical,ch4_ppb,596.7509278188511
1872,Historical,ch4_ppb,594.7584754644403
1873,Historical,ch4_ppb,595.0915849121615
1874,Historical,ch4_ppb,595.1464883571092
1875,Historical,ch4_ppb,601.0070581585195
1876,Historical,ch4_ppb,598.666139461472
1877,Historical,ch4_ppb,599.8122538610943
1878,Historical,ch4_ppb,599.414536358155
1879,Historical,ch4_ppb,601.2305053892618
1880,Historical,ch4_ppb,606.7628767859104
1881,Historical,ch4_ppb,602.8038177962915
1882,Historical,ch4_ppb,609.0454414872175
1883,Historical,ch4_ppb,610.026206501754
1884,Historical,ch4_ppb,613.1398285644464
1885,Historical,ch4_ppb,615.0730309194446
1886,Historical,ch4_ppb,616.9220912153978
1887,Historical,ch4_ppb,617.9693805927101
1888,Historical,ch4_ppb,619.7243925432683
1889,Historical,ch4_ppb,622.1982984450617
1890,Historical,ch4_ppb,625.3887819726607
1891,Historical,ch4_ppb,624.2174490535491
1892,Historical,ch4_ppb,628.4358778354126
1893,Historical,ch4_ppb,627.7877448156717
1894,Historical,ch4_ppb,633.556716651209
1895,Historical,ch4_ppb,635.2413352286876
1896,Historical,ch4_ppb,637.179829486495
1897,Historical,ch4_ppb,637.7247455686211
1898,Historical,ch4_ppb,643.6170149262506
1899,Historical,ch4_ppb,641.668577951365
1900,Historical,ch4_ppb,639.7570108827706
1901,Historical,ch4_ppb,648.9697191267056
1902,Historical,ch4_ppb,649.6817451921228
1903,Historical,ch4_ppb,654.6225188633126
1904,Historical,ch4_ppb,655.0537627986481
1905,Historical,ch4_ppb,662.867740916692
1906,Historical,ch4_ppb,661.4727220076054
1907,Historical,ch4_ppb,668.8191728746143
1908,Historical,ch4_ppb,672.4212158964899
1909,Historical,ch4_ppb,674.813654334133
1910,Historical,ch4_ppb,675.7293910650611
1911,Historical,ch4_ppb,677.8918894819818
1912,Historical,ch4_ppb,682.1315217216018
1913,Historical,ch4_ppb,686.4424065176902
1914,Historical,ch4_ppb,688.7570455351461
1915,Historical,ch4_ppb,688.581555591764
1916,Historical,ch4_ppb,691.9638629505454
1917,Historical,ch4_ppb,697.9010058702152
1918,Historical,ch4_ppb,701.8287085842942
1919,Historical,ch4_ppb,711.0262876369953
1920,Historical,ch4_ppb,713.0287464217404
1921,Historical,ch4_ppb,714.5743298764253
1922,Historical,ch4_ppb,723.299056156008
1923,Historical,ch4_ppb,725.0765286026808
1924,Historical,ch4_ppb,732.1145314271304
1925,Historical,ch4_ppb,729.4595770641829
1926,Historical,ch4_ppb,736.1767758980161
1927,Historical,ch4_ppb,736.8717750612925
1928,Historical,ch4_ppb,736.6807635354569
1929,Historical,ch4_ppb,735.9073041069272
1930,Historical,ch4_ppb,748.1260530140083
1931,Historical,ch4_ppb,751.3486611050183
1932,Historical,ch4_ppb,755.849857386897
1933,Historical,ch4_ppb,756.5010271046286
1934,Historical,ch4_ppb,758.3318829361283
1935,Historical,ch4_ppb,761.5027751307491
1936,Historical,ch4_ppb,767.1955567718587
1937,Historical,ch4_ppb,769.8430242470803
1938,Historical,ch4_ppb,768.1055689630936
1939,Historical,ch4_ppb,778.6940034156651
1940,Historical,ch4_ppb,778.9368435658499
1941,Historical,ch4_ppb,780.3899706823101
1942,Historical,ch4_ppb,787.0959290630765
1943,Historical,ch4_ppb,792.6883359286825
1944,Historical,ch4_ppb,790.5495615107604
1945,Historical,ch4_ppb,793.445345717114
1946,Historical,ch4_ppb,798.4576736489728
1947,Historical,ch4_ppb,797.7100823792191
1948,Historical,ch4_ppb,803.9147561217582
1949,Historical,ch4_ppb,812.0414268340037
1950,Historical,ch4_ppb,806.9707585363589
1951,Historical,ch4_ppb,810.7493775725023
1952,Historical,ch4_ppb,816.3661540202758
1953,Historical,ch4_ppb,821.6646075285635
1954,Historical,ch4_ppb,829.5483558999264
1955,Historical,ch4_ppb,837.0615920630783
1956,Historical,ch4_ppb,852.914985659181
1957,Historical,ch4_ppb,861.894243496732
1958,Historical,ch4_ppb,867.6727029699355
1959,Historical,ch4_ppb,868.9091281120243
1960,Historical,ch4_ppb,882.7905283815294
1961,Historical,ch4_ppb,888.4846417624234
1962,Historical,ch4_ppb,888.025802486225
1963,Historical,ch4_ppb,904.3243023299831
1964,Historical,ch4_ppb,916.536130147876
1965,Historical,ch4_ppb,926.1986288367675
1966,Historical,ch4_ppb,932.1821527508146
1967,Historical,ch4_ppb,941.9211976009824
1968,Historical,ch4_ppb,953.5333310289535
1969,Historical,ch4_ppb,969.4178738406841
1970,Historical,ch4_ppb,984.6597250367128
1971,Historical,ch4_ppb,996.1996835495413
1972,Historical,ch4_ppb,1003.0878723254377
1973,Historical,ch4_ppb,1013.3141028095471
1974,Historical,ch4_ppb,1022.792663348072
1975,Historical,ch4_ppb,1040.7643519406772
1976,Historical,ch4_ppb,1049.6888016991363
1977,Historical,ch4_ppb,1064.9809716647299
1978,Historical,ch4_ppb,1077.0250085960456
1979,Historical,ch4_ppb,1094.1968778773444
1980,Historical,ch4_ppb,1098.1829942297563
1981,Historical,ch4_ppb,1118.2546932536736
1982,Historical,ch4_ppb,1126.8183037035071
1983,Historical,ch4_ppb,1132.1210148609691
1984,Historical,ch4_ppb,1147.029463851779
1985,Historical,ch4_ppb,1150.2169744138546
1986,Historical,ch4_ppb,1160.3263411795617
1987,Historical,ch4_ppb,1168.5183268168178
1988,Historical,ch4_ppb,1181.2879821745819
1989,Historical,ch4_ppb,1188.3511968342843
1990,Historical,ch4_ppb,1194.9740063406127
1991,Historical,ch4_ppb,1204.9110700124502
1992,Historical,ch4_ppb,1213.5189638850236
1993,Historical,ch4_ppb,1216.2901734252755
1994,Historical,ch4_ppb,1219.041544979047
1995,Historical,ch4_ppb,1224.4133720536388
1996,Historical,ch4_ppb,1219.995689134698
1997,Historical,ch4_ppb,1218.212686247189
1998,Historical,ch4_ppb,1234.0780685129369
1999,Historical,ch4_ppb,1241.9985083926647
2000,Historical,ch4_ppb,1228.7551575357684
2001,Historical,ch4_ppb,1230.5554053635435
2002,Historical,ch4_ppb,1237.364473075755
2003,Historical,ch4_ppb,1239.2287916566227
2004,Historical,ch4_ppb,1244.6816528965255
2005,Historical,ch4_ppb,1241.165582727255
2006,Historical,ch4_ppb,1238.5859827046615
2007,Historical,ch4_ppb,1245.5307285934048
2008,Historical,ch4_ppb,1251.983542867477
2009,Historical,ch4_ppb,1250.1390470149659
2010,Historical,ch4_ppb,1254.2601748247357
2011,Historical,ch4_ppb,1258.8209097902065
2012,Historical,ch4_ppb,1270.7947981780305
2013,Historical,ch4_ppb,1265.2185450667564
2014,Historical,ch4_ppb,1277.5289260872667
2015,SSP1-1.9,ch4_ppb,1287.1558200506772
2016,SSP1-1.9,ch4_ppb,1303.9127578998675
2017,SSP1-1.9,ch4_ppb,1302.9386928631966
2018,SSP1-1.9,ch4_ppb,1305.3755322142977
2019,SSP1-1.9,ch4_ppb,1322.8815429697354
2020,SSP1-1.9,ch4_ppb,1323.7741600406416
2021,SSP1-1.9,ch4_ppb,1327.0265761480298
2022,SSP1-1.9,ch4_ppb,1312.4195341097288
2023,SSP1-1.9,ch4_ppb,1318.9681592877027
2024,SSP1-1.9,ch4_ppb,1317.4340705628342
2025,SSP1-1.9,ch4_ppb,1305.2704057620292
2026,SSP1-1.9,ch4_ppb,1301.95652055179
2027,SSP1-1.9,ch4_ppb,1287.358879786661
2028,SSP1-1.9,ch4_ppb,1281.7624874127541
2029,SSP1-1.9,ch4_ppb,1260.8156643089876
2030,SSP1-1.9,ch4_ppb,1249.1307167121367
2031,SSP1-1.9,ch4_ppb,1233.6621084621345
2032,SSP1-1.9,ch4_ppb,1218.8124620566018
2033,SSP1-1.9,ch4_ppb,1207.265707861714
2034,SSP1-1.9,ch4_ppb,1196.5555553600427
2035,SSP1-1.9,ch4_ppb,1174.5073064178655
2036,SSP1-1.9,ch4_ppb,1158.300195024047
2037,SSP1-1.9,ch4_ppb,1148.3442480892743
2038,SSP1-1.9,ch4_ppb,1137.1857092030587
2039,SSP1-1.9,ch4_ppb,1127.9265330919604
2040,SSP1-1.9,ch4_ppb,1112.3377859481752
2041,SSP1-1.9,ch4_ppb,1097.6385252076407
2042,SSP1-1.9,ch4_ppb,1076.645383653968
2043,SSP1-1.9,ch4_ppb,1071.9066593306359
2044,SSP1-1.9,ch4_ppb,1052.0236676484687
2045,SSP1-1.9,ch4_ppb,1048.76320364079
2046,SSP1-1.9,ch4_ppb,1042.5258120507574
2047,SSP1-1.9,ch4_ppb,1021.4711900046944
2048,SSP1-1.9,ch4_ppb,1019.7742370014677
2049,SSP1-1.9,ch4_ppb,1002.9100448234683
2050,SSP1-1.9,ch4_ppb,994.4635222706183
2051,SSP1-1.9,ch4_ppb,982.9196028201162
2052,SSP1-1.9,ch4_ppb,973.5123239105487
2053,SSP1-1.9,ch4_ppb,966.3165752280723
2054,SSP1-1.9,ch4_ppb,960.0185292730143
2055,SSP1-1.9,ch4_ppb,949.0320273045613
2056,SSP1-1.9,ch4_ppb,935.9096401670816
2057,SSP1-1.9,ch4_ppb,929.7970529797619
2058,SSP1-1.9,ch4_ppb,919.2318642089118
2059,SSP1-1.9,ch4_ppb,914.9707874289426
2060,SSP1-1.9,ch4_ppb,909.8476496455854
2061,SSP1-1.9,ch4_ppb,898.6623127928133
2062,SSP1-1.9,ch4_ppb,893.6602457430971
2063,SSP1-1.9,ch4_ppb,890.8947529506864
2064,SSP1-1.9,ch4_ppb,881.9124944715857
2065,SSP1-1.9,ch4_ppb,876.2496617565012
2066,SSP1-1.9,ch4_ppb,869.0581950407195
2067,SSP1-1.9,ch4_ppb,866.323396378896
2068,SSP1-1.9,ch4_ppb,855.2623975438154
2069,SSP1-1.9,ch4_ppb,857.1039484760946
2070,SSP1-1.9,ch4_ppb,849.586918601571
2071,SSP1-1.9,ch4_ppb,840.4433505033136
2072,SSP1-1.9,ch4_ppb,835.5179465122839
2073,SSP1-1.9,ch4_ppb,836.5842263295856
2074,SSP1-1.9,ch4_ppb,824.1983168306483
2075,SSP1-1.9,ch4_ppb,821.9365670503471
2076,SSP1-1.9,ch4_ppb,818.7970069404653
2077,SSP1-1.9,ch4_ppb,814.4380628564337
2078,SSP1-1.9,ch4_ppb,812.6596578101545
2079,SSP1-1.9,ch4_ppb,804.5106564299277
2080,SSP1-1.9,ch4_ppb,794.9488434732584
2081,SSP1-1.9,ch4_ppb,798.9057756893284
2082,SSP1-1.9,ch4_ppb,788.8685159089346
2083,SSP1-1.9,ch4_ppb,783.6374093977008
2084,SSP1-1.9,ch4_ppb,780.6324957520311
2085,SSP1-1.9,ch4_ppb,775.1164336944473
2086,SSP1-1.9,ch4_ppb,770.4817950253241
2087,SSP1-1.9,ch4_ppb,768.9788031949827
2088,SSP1-1.9,ch4_ppb,767.3994384601799
2089,SSP1-1.9,ch4_ppb,759.5030522927314
2090,SSP1-1.9,ch4_ppb,757.4196936078234
2091,SSP1-1.9,ch4_ppb,753.5131167091284
2092,SSP1-1.9,ch4_ppb,746.1774342217847
2093,SSP1-1.9,ch4_ppb,745.9954453086071
2094,SSP1-1.9,ch4_ppb,744.2277126781763
2095,SSP1-1.9,ch4_ppb,735.9719166314871
2096,SSP1-1.9,ch4_ppb,735.593374069566
2097,SSP1-1.9,ch4_ppb,732.4926714934059
2098,SSP1-1.9,ch4_ppb,727.2963093624342
2099,SSP1-1.9,ch4_ppb,726.1800958080952
2100,SSP1-1.9,ch4_ppb,721.0349991718033
2015,SSP1-2.6,ch4_ppb,1282.4646588609278
2016,SSP1-2.6,ch4_ppb,1298.800537540441
2017,SSP1-2.6,ch4_ppb,1300.6607351208747
2018,SSP1-2.6,ch4_ppb,1313.9270331789567
2019,SSP1-2.6,ch4_ppb,1310.427956047883
2020,SSP1-2.6,ch4_ppb,1315.5975243368623
2021,SSP1-2.6,ch4_ppb,1304.518331621246
2022,SSP1-2.6,ch4_ppb,1314.8274710868095
2023,SSP1-2.6,ch4_ppb,1313.1081398212505
2024,SSP1-2.6,ch4_ppb,1303.6972283662788
2025,SSP1-2.6,ch4_ppb,1301.7108242581096
2026,SSP1-2.6,ch4_ppb,1287.0835136087562
2027,SSP1-2.6,ch4_ppb,1286.8156149917143
2028,SSP1-2.6,ch4_ppb,1275.0537691702048
2029,SSP1-2.6,ch4_ppb,1269.5070759620207
2030,SSP1-2.6,ch4_ppb,1265.083986939489
2031,SSP1-2.6,ch4_ppb,1253.0324156053177
2032,SSP1-2.6,ch4_ppb,1246.3992634706751
2033,SSP1-2.6,ch4_ppb,1238.2722455093194
2034,SSP1-2.6,ch4_ppb,1217.317155244187
2035,SSP1-2.6,ch4_ppb,1212.8671182831888
2036,SSP1-2.6,ch4_ppb,1202.420436342907
2037,SSP1-2.6,ch4_ppb,1183.2307214491984
2038,SSP1-2.6,ch4_ppb,1174.2052860425074
2039,SSP1-2.6,ch4_ppb,1166.632992921141
2040,SSP1-2.6,ch4_ppb,1155.8151067873557
2041,SSP1-2.6,ch4_ppb,1144.565426148164
2042,SSP1-2.6,ch4_ppb,1142.733181756386
2043,SSP1-2.6,ch4_ppb,1127.1878042085232
2044,SSP1-2.6,ch4_ppb,1123.0483135904378
2045,SSP1-2.6,ch4_ppb,1106.7289669988504
2046,SSP1-2.6,ch4_ppb,1092.157673083249
2047,SSP1-2.6,ch4_ppb,1083.769723619461
2048,SSP1-2.6,ch4_ppb,1076.954400377649
2049,SSP1-2.6,ch4_ppb,1064.95317385384
2050,SSP1-2.6,ch4_ppb,1061.1779101741745
2051,SSP1-2.6,ch4_ppb,1052.2363371801562
2052,SSP1-2.6,ch4_ppb,1033.632900727077
2053,SSP1-2.6,ch4_ppb,1029.005629896129
2054,SSP1-2.6,ch4_ppb,1020.5557634362088
2055,SSP1-2.6,ch4_ppb,1011.6145124120014
2056,SSP1-2.6,ch4_ppb,1006.101743302064
2057,SSP1-2.6,ch4_ppb,997.5197283984324
2058,SSP1-2.6,ch4_ppb,989.716324395586
2059,SSP1-2.6,ch4_ppb,986.6166750809472
2060,SSP1-2.6,ch4_ppb,981.7411386897097
2061,SSP1-2.6,ch4_ppb,965.2162389959822
2062,SSP1-2.6,ch4_ppb,960.2099429815081
2063,SSP1-2.6,ch4_ppb,953.8406479582283
2064,SSP1-2.6,ch4_ppb,945.2029058425218
2065,SSP1-2.6,ch4_ppb,938.5105859756686
2066,SSP1-2.6,ch4_ppb,927.4586487844095
2067,SSP1-2.6,ch4_ppb,929.8602547379007
2068,SSP1-2.6,ch4_ppb,915.9825116261709
2069,SSP1-2.6,ch4_ppb,907.9336318218433
2070,SSP1-2.6,ch4_ppb,903.4959447078701
2071,SSP1-2.6,ch4_ppb,898.9034005277497
2072,SSP1-2.6,ch4_ppb,889.483423259047
2073,SSP1-2.6,ch4_ppb,887.6427811725168
2074,SSP1-2.6,ch4_ppb,874.1615497948989
2075,SSP1-2.6,ch4_ppb,865.6510859521912
2076,SSP1-2.6,ch4_ppb,865.414919695615
2077,SSP1-2.6,ch4_ppb,858.1769659099909
2078,SSP1-2.6,ch4_ppb,845.5259080660506
2079,SSP1-2.6,ch4_ppb,843.723577271537
2080,SSP1-2.6,ch4_ppb,832.8010528606706
2081,SSP1-2.6,ch4_ppb,828.6787492227777
2082,SSP1-2.6,ch4_ppb,819.6591048965114
2083,SSP1-2.6,ch4_ppb,811.6417568906253
2084,SSP1-2.6,ch4_ppb,807.0291857038243
2085,SSP1-2.6,ch4_ppb,802.7571547004019
2086,SSP1-2.6,ch4_ppb,792.5492369762363
2087,SSP1-2.6,ch4_ppb,793.2518050243666
2088,SSP1-2.6,ch4_ppb,784.3810531309186
2089,SSP1-2.6,ch4_ppb,779.8677609240701
2090,SSP1-2.6,ch4_ppb,773.9265420974765
2091,SSP1-2.6,ch4_ppb,773.5374707708796
2092,SSP1-2.6,ch4_ppb,762.1044651006405
2093,SSP1-2.6,ch4_ppb,759.6570474146512
2094,SSP1-2.6,ch4_ppb,754.4154219731585
2095,SSP1-2.6,ch4_ppb,752.5829170077551
2096,SSP1-2.6,ch4_ppb,752.4058897493994
2097,SSP1-2.6,ch4_ppb,742.5804923045416
2098,SSP1-2.6,ch4_ppb,742.3349002020834
2099,SSP1-2.6,ch4_ppb,739.3003195878377
2100,SSP1-2.6,ch4_ppb,735.7068227313883
2015,SSP2-4.5,ch4_ppb,1288.0958528730241
2016,SSP2-4.5,ch4_ppb,1286.8388112726382
2017,SSP2-4.5,ch4_ppb,1304.9430358509273
2018,SSP2-4.5,ch4_ppb,1314.5505225899565
2019,SSP2-4.5,ch4_ppb,1314.85480359404
2020,SSP2-4.5,ch4_ppb,1327.3109775073106
2021,SSP2-4.5,ch4_ppb,1341.6453753615197
2022,SSP2-4.5,ch4_ppb,1335.3034864971644
2023,SSP2-4.5,ch4_ppb,1350.5458164398965
2024,SSP2-4.5,ch4_ppb,1364.2661433333994
2025,SSP2-4.5,ch4_ppb,1359.3629237314804
2026,SSP2-4.5,ch4_ppb,1371.7352929318029
2027,SSP2-4.5,ch4_ppb,1383.7088642039257
2028,SSP2-4.5,ch4_ppb,1386.6082268238774
2029,SSP2-4.5,ch4_ppb,1392.1540490604648
2030,SSP2-4.5,ch4_ppb,1394.9568773789417
2031,SSP2-4.5,ch4_ppb,1395.5161179397494
2032,SSP2-4.5,ch4_ppb,1406.5913680976332
2033,SSP2-4.5,ch4_ppb,1405.214222789462
2034,SSP2-4.5,ch4_ppb,1407.325784615874
2035,SSP2-4.5,ch4_ppb,1410.0793469810135
2036,SSP2-4.5,ch4_ppb,1421.3183711998827
2037,SSP2-4.5,ch4_ppb,1417.1279093861335
2038,SSP2-4.5,ch4_ppb,1416.006523931825
2039,SSP2-4.5,ch4_ppb,1425.1365129819646
2040,SSP2-4.5,ch4_ppb,1425.7752165197683
2041,SSP2-4.5,ch4_ppb,1421.6371268647558
2042,SSP2-4.5,ch4_ppb,1426.8755457156515
2043,SSP2-4.5,ch4_ppb,1422.9530850068859
2044,SSP2-4.5,ch4_ppb,1427.6435861081586
2045,SSP2-4.5,ch4_ppb,1428.866916883534
2046,SSP2-4.5,ch4_ppb,1422.3919260117245
2047,SSP2-4.5,ch4_ppb,1409.0889881450605
2048,SSP2-4.5,ch4_ppb,1423.0605114039006
2049,SSP2-4.5,ch4_ppb,1409.56052386625
2050,SSP2-4.5,ch4_ppb,1406.4032189934783
2051,SSP2-4.5,ch4_ppb,1401.6680183591352
2052,SSP2-4.5,ch4_ppb,1399.8835789171542
2053,SSP2-4.5,ch4_ppb,1395.0528566099586
2054,SSP2-4.5,ch4_ppb,1391.57588908652
2055,SSP2-4.5,ch4_ppb,1386.0968618639629
2056,SSP2-4.5,ch4_ppb,1377.117239513102
2057,SSP2-4.5,ch4_ppb,1364.332494549757
2058,SSP2-4.5,ch4_ppb,1367.853258535921
2059,SSP2-4.5,ch4_ppb,1359.2052185875257
2060,SSP2-4.5,ch4_ppb,1347.8792933503132
2061,SSP2-4.5,ch4_ppb,1341.0346917188388
2062,SSP2-4.5,ch4_ppb,1338.8418013086384
2063,SSP2-4.5,ch4_ppb,1336.370952907576
2064,SSP2-4.5,ch4_ppb,1324.9579258481083
2065,SSP2-4.5,ch4_ppb,1325.95472261277
2066,SSP2-4.5,ch4_ppb,1313.2995588187816
2067,SSP2-4.5,ch4_ppb,1308.6693421167904
2068,SSP2-4.5,ch4_ppb,1310.9774244059086
2069,SSP2-4.5,ch4_ppb,1295.8965655886336
2070,SSP2-4.5,ch4_ppb,1293.3221184397983
2071,SSP2-4.5,ch4_ppb,1288.9040426128686
2072,SSP2-4.5,ch4_ppb,1281.3624829720363
2073,SSP2-4.5,ch4_ppb,1269.1203264465478
2074,SSP2-4.5,ch4_ppb,1274.045348898456
2075,SSP2-4.5,ch4_ppb,1263.6515215499287
2076,SSP2-4.5,ch4_ppb,1262.6845741583293
2077,SSP2-4.5,ch4_ppb,1249.4642362972463
2078,SSP2-4.5,ch4_ppb,1251.1830307721152
2079,SSP2-4.5,ch4_ppb,1244.6489622459062
2080,SSP2-4.5,ch4_ppb,1229.4688129380518
2081,SSP2-4.5,ch4_ppb,1235.5500032601185
2082,SSP2-4.5,ch4_ppb,1222.8923581218867
2083,SSP2-4.5,ch4_ppb,1221.3552621441495
2084,SSP2-4.5,ch4_ppb,1221.6579049813308
2085,SSP2-4.5,ch4_ppb,1222.6951490446634
2086,SSP2-4.5,ch4_ppb,1202.7179699866062
2087,SSP2-4.5,ch4_ppb,1214.6045881269588
2088,SSP2-4.5,ch4_ppb,1204.153157993166
2089,SSP2-4.5,ch4_ppb,1202.464882279891
2090,SSP2-4.5,ch4_ppb,1194.7205010786163
2091,SSP2-4.5,ch4_ppb,1198.783685875082
2092,SSP2-4.5,ch4_ppb,1193.3847855598428
2093,SSP2-4.5,ch4_ppb,1189.1373553717358
2094,SSP2-4.5,ch4_ppb,1188.9935715646343
2095,SSP2-4.5,ch4_ppb,1173.839668201025
2096,SSP2-4.5,ch4_ppb,1182.0543112539576
2097,SSP2-4.5,ch4_ppb,1184.144733183961
2098,SSP2-4.5,ch4_ppb,1173.1069494212047
2099,SSP2-4.5,ch4_ppb,1172.2340808826705
2100,SSP2-4.5,ch4_ppb,1173.9296555345636
2015,SSP3-7.0,ch4_ppb,1280.8932030842273
2016,SSP3-7.0,ch4_ppb,1293.6053536966979
2017,SSP3-7.0,ch4_ppb,1301.916075222116
2018,SSP3-7.0,ch4_ppb,1314.2524675846696
2019,SSP3-7.0,ch4_ppb,1334.969754374563
2020,SSP3-7.0,ch4_ppb,1334.7788711427108
2021,SSP3-7.0,ch4_ppb,1348.6329430151184
2022,SSP3-7.0,ch4_ppb,1355.7876569125128
2023,SSP3-7.0,ch4_ppb,1371.172122855173
2024,SSP3-7.0,ch4_ppb,1385.589215783187
2025,SSP3-7.0,ch4_ppb,1400.104561258999
2026,SSP3-7.0,ch4_ppb,1409.2073706335884
2027,SSP3-7.0,ch4_ppb,1426.8410571645707
2028,SSP3-7.0,ch4_ppb,1434.4204835493063
2029,SSP3-7.0,ch4_ppb,1451.5085464511337
2030,SSP3-7.0,ch4_ppb,1467.6504055447092
2031,SSP3-7.0,ch4_ppb,1470.974984923268
2032,SSP3-7.0,ch4_ppb,1497.7091633950024
2033,SSP3-7.0,ch4_ppb,1501.6444938852853
2034,SSP3-7.0,ch4_ppb,1518.3290028759461
2035,SSP3-7.0,ch4_ppb,1526.3924464652923
2036,SSP3-7.0,ch4_ppb,1548.4979341765497
2037,SSP3-7.0,ch4_ppb,1550.3236615035228
2038,SSP3-7.0,ch4_ppb,1563.0968015485005
2039,SSP3-7.0,ch4_ppb,1586.5996732260962
2040,SSP3-7.0,ch4_ppb,1598.8624207254875
2041,SSP3-7.0,ch4_ppb,1606.058914826037
2042,SSP3-7.0,ch4_ppb,1618.1258509602037
2043,SSP3-7.0,ch4_ppb,1635.7310902289619
2044,SSP3-7.0,ch4_ppb,1641.134506801594
2045,SSP3-7.0,ch4_ppb,1663.603626467912
2046,SSP3-7.0,ch4_ppb,1674.27412389908
2047,SSP3-7.0,ch4_ppb,1677.4344661188975
2048,SSP3-7.0,ch4_ppb,1699.0347130466184
2049,SSP3-7.0,ch4_ppb,1704.66386730599
2050,SSP3-7.0,ch4_ppb,1731.4508500661414
2051,SSP3-7.0,ch4_ppb,1721.8325014951229
2052,SSP3-7.0,ch4_ppb,1752.3748617083513
2053,SSP3-7.0,ch4_ppb,1759.987995348509
2054,SSP3-7.0,ch4_ppb,1770.1070446096412
2055,SSP3-7.0,ch4_ppb,1779.9772684177085
2056,SSP3-7.0,ch4_ppb,1817.5738085883252
2057,SSP3-7.0,ch4_ppb,1815.7552962200077
2058,SSP3-7.0,ch4_ppb,1816.7514704941962
2059,SSP3-7.0,ch4_ppb,1852.3572399578263
2060,SSP3-7.0,ch4_ppb,1837.7019254081606
2061,SSP3-7.0,ch4_ppb,1863.8450592236338
2062,SSP3-7.0,ch4_ppb,1875.2330699310442
2063,SSP3-7.0,ch4_ppb,1894.1822701067736
2064,SSP3-7.0,ch4_ppb,1896.7393597263258
2065,SSP3-7.0,ch4_ppb,1913.6051984660505
2066,SSP3-7.0,ch4_ppb,1931.301647937584
2067,SSP3-7.0,ch4_ppb,1937.7940293283618
2068,SSP3-7.0,ch4_ppb,1953.4040242377305
2069,SSP3-7.0,ch4_ppb,1960.8833928799795
2070,SSP3-7.0,ch4_ppb,1983.5766652653356
2071,SSP3-7.0,ch4_ppb,1994.1266583142835
2072,SSP3-7.0,ch4_ppb,2001.365160144258
2073,SSP3-7.0,ch4_ppb,2021.7350261785934
2074,SSP3-7.0,ch4_ppb,2028.2597983579335
2075,SSP3-7.0,ch4_ppb,2052.0690334416086
2076,SSP3-7.0,ch4_ppb,2067.2491342286366
2077,SSP3-7.0,ch4_ppb,2083.162012859786
2078,SSP3-7.0,ch4_ppb,2096.383426114239
2079,SSP3-7.0,ch4_ppb,2108.8647220093158
2080,SSP3-7.0,ch4_ppb,2116.3452771301727
2081,SSP3-7.0,ch4_ppb,2134.949610974288
2082,SSP3-7.0,ch4_ppb,2147.423290842934
2083,SSP3-7.0,ch4_ppb,2147.8881520237915
2084,SSP3-7.0,ch4_ppb,2166.0630638018165
2085,SSP3-7.0,ch4_ppb,2180.009670067049
2086,SSP3-7.0,ch4_ppb,2196.7626116440065
2087,SSP3-7.0,ch4_ppb,2215.097289196026
2088,SSP3-7.0,ch4_ppb,2205.4572382997558
2089,SSP3-7.0,ch4_ppb,2214.4629612753406
2090,SSP3-7.0,ch4_ppb,2239.220424607544
2091,SSP3-7.0,ch4_ppb,2257.2058463101844
2092,SSP3-7.0,ch4_ppb,2267.728933781685
2093,SSP3-7.0,ch4_ppb,2266.7578461422113
2094,SSP3-7.0,ch4_ppb,2274.5916040820134
2095,SSP3-7.0,ch4_ppb,2292.806839655488
2096,SSP3-7.0,ch4_ppb,2323.413214535656
2097,SSP3-7.0,ch4_ppb,2320.643994844641
2098,SSP3-7.0,ch4_ppb,2337.840365821212
2099,SSP3-7.0,ch4_ppb,2345.9075671726446
2100,SSP3-7.0,ch4_ppb,2361.5432777379315
2015,SSP5-8.5,ch4_ppb,1286.989613503924
2016,SSP5-8.5,ch4_ppb,1293.7181730080956
2017,SSP5-8.5,ch4_ppb,1300.4959946163083
2018,SSP5-8.5,ch4_ppb,1314.071938621434
2019,SSP5-8.5,ch4_ppb,1320.9166844012605
2020,SSP5-8.5,ch4_ppb,1330.4040942637853
2021,SSP5-8.5,ch4_ppb,1336.3711765954356
2022,SSP5-8.5,ch4_ppb,1333.4236867708848
2023,SSP5-8.5,ch4_ppb,1346.5305687152345
2024,SSP5-8.5,ch4_ppb,1351.1333800547088
2025,SSP5-8.5,ch4_ppb,1362.5805536648577
2026,SSP5-8.5,ch4_ppb,1370.836152509836
2027,SSP5-8.5,ch4_ppb,1374.930435867615
2028,SSP5-8.5,ch4_ppb,1385.0604922396687
2029,SSP5-8.5,ch4_ppb,1393.17657451223
2030,SSP5-8.5,ch4_ppb,1405.44950018519
2031,SSP5-8.5,ch4_ppb,1419.1803900288871
2032,SSP5-8.5,ch4_ppb,1428.4729322458245
2033,SSP5-8.5,ch4_ppb,1434.9983906402797
2034,SSP5-8.5,ch4_ppb,1453.0599620330158
2035,SSP5-8.5,ch4_ppb,1466.6785554525013
2036,SSP5-8.5,ch4_ppb,1469.3427556641866
2037,SSP5-8.5,ch4_ppb,1488.2623701412558
2038,SSP5-8.5,ch4_ppb,1512.526085671727
2039,SSP5-8.5,ch4_ppb,1517.3077087638844
2040,SSP5-8.5,ch4_ppb,1534.3358354271415
2041,SSP5-8.5,ch4_ppb,1558.9094636606726
2042,SSP5-8.5,ch4_ppb,1575.4022349645984
2043,SSP5-8.5,ch4_ppb,1590.8296141520805
2044,SSP5-8.5,ch4_ppb,1604.5160552330492
2045,SSP5-8.5,ch4_ppb,1624.4306103057845
2046,SSP5-8.5,ch4_ppb,1649.3803323020556
2047,SSP5-8.5,ch4_ppb,1659.1420902958357
2048,SSP5-8.5,ch4_ppb,1669.3773507674034
2049,SSP5-8.5,ch4_ppb,1693.048795788325
2050,SSP5-8.5,ch4_ppb,1706.8277315766416
2051,SSP5-8.5,ch4_ppb,1720.6256632960256
2052,SSP5-8.5,ch4_ppb,1734.8521826970923
2053,SSP5-8.5,ch4_ppb,1747.4716499734063
2054,SSP5-8.5,ch4_ppb,1765.8073807831022
2055,SSP5-8.5,ch4_ppb,1760.8220944699883
2056,SSP5-8.5,ch4_ppb,1787.1350070430833
2057,SSP5-8.5,ch4_ppb,1803.158526974947
2058,SSP5-8.5,ch4_ppb,1815.0631787177851
2059,SSP5-8.5,ch4_ppb,1804.3757977420505
2060,SSP5-8.5,ch4_ppb,1824.767093603942
2061,SSP5-8.5,ch4_ppb,1822.6972095643628
2062,SSP5-8.5,ch4_ppb,1833.647490621541
2063,SSP5-8.5,ch4_ppb,1846.3180224748514
2064,SSP5-8.5,ch4_ppb,1830.2221520830126
2065,SSP5-8.5,ch4_ppb,1839.6018809097748
2066,SSP5-8.5,ch4_ppb,1848.5340756468559
2067,SSP5-8.5,ch4_ppb,1849.0770339458156
2068,SSP5-8.5,ch4_ppb,1865.0293180018614
2069,SSP5-8.5,ch4_ppb,1854.885208693511
2070,SSP5-8.5,ch4_ppb,1866.6675858051285
2071,SSP5-8.5,ch4_ppb,1868.347445168462
2072,SSP5-8.5,ch4_ppb,1861.7901067493665
2073,SSP5-8.5,ch4_ppb,1868.6542663605094
2074,SSP5-8.5,ch4_ppb,1860.6719891835655
2075,SSP5-8.5,ch4_ppb,1859.4223714064074
2076,SSP5-8.5,ch4_ppb,1861.8471946535747
2077,SSP5-8.5,ch4_ppb,1870.0121631216894
2078,SSP5-8.5,ch4_ppb,1852.6289839436715
2079,SSP5-8.5,ch4_ppb,1844.1555013358286
2080,SSP5-8.5,ch4_ppb,1850.5716369733564
2081,SSP5-8.5,ch4_ppb,1851.2938384487868
2082,SSP5-8.5,ch4_ppb,1833.5932007517208
2083,SSP5-8.5,ch4_ppb,1838.7874278348083
2084,SSP5-8.5,ch4_ppb,1826.5045495220404
2085,SSP5-8.5,ch4_ppb,1825.0674041362115
2086,SSP5-8.5,ch4_ppb,1812.7782710123506
2087,SSP5-8.5,ch4_ppb,1802.6820123885518
2088,SSP5-8.5,ch4_ppb,1803.7114238917761
2089,SSP5-8.5,ch4_ppb,1782.1489293852342
2090,SSP5-8.5,ch4_ppb,1776.2808055516625
2091,SSP5-8.5,ch4_ppb,1765.6652365933114
2092,SSP5-8.5,ch4_ppb,1748.8444452806427
2093,SSP5-8.5,ch4_ppb,1744.078124826112
2094,SSP5-8.5,ch4_ppb,1739.4919895162711
2095,SSP5-8.5,ch4_ppb,1727.1339862043387
2096,SSP5-8.5,ch4_ppb,1713.4998682245957
2097,SSP5-8.5,ch4_ppb,1716.5041722129718
2098,SSP5-8.5,ch4_ppb,1699.686528895628
2099,SSP5-8.5,ch4_ppb,1690.588364420035
2100,SSP5-8.5,ch4_ppb,1690.5311237744472
1850,Historical,n2o_ppb,189.47185586418001
1851,Historical,n2o_ppb,190.89626188104705
1852,Historical,n2o_ppb,189.82755029436444
1853,Historical,n2o_ppb,189.19906631451042
1854,Historical,n2o_ppb,189.4311669445999
1855,Historical,n2o_ppb,191.2255710058792
1856,Historical,n2o_ppb,190.48277294724235
1857,Historical,n2o_ppb,189.51750996338183
1858,Historical,n2o_ppb,190.92731702164096
1859,Historical,n2o_ppb,190.78108648640543
1860,Historical,n2o_ppb,191.14903627327428
1861,Historical,n2o_ppb,191.01910544988826
1862,Historical,n2o_ppb,189.8544451898777
1863,Historical,n2o_ppb,191.32378194168228
1864,Historical,n2o_ppb,191.6648826068816
1865,Historical,n2o_ppb,191.24096826199644
1866,Historical,n2o_ppb,189.85771813950402
1867,Historical,n2o_ppb,191.69309581151768
1868,Historical,n2o_ppb,191.87487418532947
1869,Historical,n2o_ppb,191.49383454776634
1870,Historical,n2o_ppb,192.2144884622805
1871,Historical,n2o_ppb,192.86464210960423
1872,Historical,n2o_ppb,192.0638027660618
1873,Historical,n2o_ppb,192.05055219016117
1874,Historical,n2o_ppb,191.83646144256144
1875,Historical,n2o_ppb,193.47867325524348
1876,Historical,n2o_ppb,192.50644052166118
1877,Historical,n2o_ppb,192.62388800763424
1878,Historical,n2o_ppb,192.19639877109262
1879,Historical,n2o_ppb,192.39667689221946
1880,Historical,n2o_ppb,193.7288341480108
1881,Historical,n2o_ppb,192.03474043058557
1882,Historical,n2o_ppb,193.59350777742196
1883,Historical,n2o_ppb,193.45372136807
1884,Historical,n2o_ppb,193.9435919761594
1885,Historical,n2o_ppb,194.00255901710386
1886,Historical,n2o_ppb,194.02463501081095
1887,Historical,n2o_ppb,193.75908538636358
1888,Historical,n2o_ppb,193.71131453290863
1889,Historical,n2o_ppb,193.86007133006
1890,Historical,n2o_ppb,194.20987791507912
1891,Historical,n2o_ppb,193.17817502703033
1892,Historical,n2o_ppb,193.735486897024
1893,Historical,n2o_ppb,192.8287975684229
1894,Historical,n2o_ppb,194.00593701307417
1895,Historical,n2o_ppb,194.0478614560371
1896,Historical,n2o_ppb,194.3582595804778
1897,Historical,n2o_ppb,194.2499963085347
1898,Historical,n2o_ppb,195.56084158796273
1899,Historical,n2o_ppb,194.3904220419511
1900,Historical,n2o_ppb,193.23076453706838
1901,Historical,n2o_ppb,195.42635169267044
1902,Historical,n2o_ppb,195.00102960837228
1903,Historical,n2o_ppb,195.80367903455905
1904,Historical,n2o_ppb,195.05342435607312
1905,Historical,n2o_ppb,196.45274688886627
1906,Historical,n2o_ppb,195.07058783483137
1907,Historical,n2o_ppb,196.23453386725845
1908,Historical,n2o_ppb,196.4747573923598
1909,Historical,n2o_ppb,196.33942338653847
1910,Historical,n2o_ppb,195.79238084648512
1911,Historical,n2o_ppb,195.74247340192116
1912,Historical,n2o_ppb,196.38102732320442
1913,Historical,n2o_ppb,197.29567085698636
1914,Historical,n2o_ppb,197.71187419810258
1915,Historical,n2o_ppb,197.23255705672696
1916,Historical,n2o_ppb,197.15791783158375
1917,Historical,n2o_ppb,197.95254084710538
1918,Historical,n2o_ppb,197.91536169823104
1919,Historical,n2o_ppb,199.10876964168133
1920,Historical,n2o_ppb,198.27918897950323
1921,Historical,n2o_ppb,197.40756633998342
1922,Historical,n2o_ppb,198.60889406155212
1923,Historical,n2o_ppb,198.14293241760075
1924,Historical,n2o_ppb,199.34110097350066
1925,Historical,n2o_ppb,198.136510879785
1926,Historical,n2o_ppb,199.66858931461104
1927,Historical,n2o_ppb,199.43827964039977
1928,Historical,n2o_ppb,198.5694481156651
1929,Historical,n2o_ppb,197.30949494809076
1930,Historical,n2o_ppb,199.54062098157104
1931,Historical,n2o_ppb,199.58890493917903
1932,Historical,n2o_ppb,200.02146107108882
1933,Historical,n2o_ppb,199.43365276968467
1934,Historical,n2o_ppb,199.0463109908571
1935,Historical,n2o_ppb,199.0084741425427
1936,Historical,n2o_ppb,199.7385627427955
1937,Historical,n2o_ppb,199.75112792895428
1938,Historical,n2o_ppb,198.63999199511338
1939,Historical,n2o_ppb,200.50177449220172
1940,Historical,n2o_ppb,200.08011913130477
1941,Historical,n2o_ppb,200.02622094985517
1942,Historical,n2o_ppb,201.1312602162114
1943,Historical,n2o_ppb,202.1491640845432
1944,Historical,n2o_ppb,201.1479859457136
1945,Historical,n2o_ppb,201.45939936336876
1946,Historical,n2o_ppb,202.09083253884396
1947,Historical,n2o_ppb,200.9537358270711
1948,Historical,n2o_ppb,201.5262778619113
1949,Historical,n2o_ppb,202.77231689611307
1950,Historical,n2o_ppb,200.93225580344924
1951,Historical,n2o_ppb,201.1247015130604
1952,Historical,n2o_ppb,201.63186212062342
1953,Historical,n2o_ppb,201.62053935862136
1954,Historical,n2o_ppb,201.85288515666406
1955,Historical,n2o_ppb,201.80352778454952
1956,Historical,n2o_ppb,203.46688829790628
1957,Historical,n2o_ppb,203.45082483922062
1958,Historical,n2o_ppb,203.05744908733038
1959,Historical,n2o_ppb,201.93300822377415
1960,Historical,n2o_ppb,204.21410435864877
1961,Historical,n2o_ppb,204.7112937330755
1962,Historical,n2o_ppb,202.8198866783882
1963,Historical,n2o_ppb,204.03905997919526
1964,Historical,n2o_ppb,204.46538720059584
1965,Historical,n2o_ppb,204.7447308208415
1966,Historical,n2o_ppb,204.56056120665204
1967,Historical,n2o_ppb,205.0608631065535
1968,Historical,n2o_ppb,205.34747305143188
1969,Historical,n2o_ppb,206.3291751985386
1970,Historical,n2o_ppb,206.74355161792067
1971,Historical,n2o_ppb,206.53520992837
1972,Historical,n2o_ppb,205.69612272096538
1973,Historical,n2o_ppb,206.09380476313325
1974,Historical,n2o_ppb,206.42243598752955
1975,Historical,n2o_ppb,208.1952667520862
1976,Historical,n2o_ppb,207.91379132612292
1977,Historical,n2o_ppb,208.7416263908372
1978,Historical,n2o_ppb,208.85880508203795
1979,Historical,n2o_ppb,209.97195413695457
1980,Historical,n2o_ppb,208.64035721589525
1981,Historical,n2o_ppb,210.53175083967412
1982,Historical,n2o_ppb,210.47878890727017
1983,Historical,n2o_ppb,210.13420737036898
1984,Historical,n2o_ppb,211.89595618935894
1985,Historical,n2o_ppb,211.4134351118209
1986,Historical,n2o_ppb,212.1250195255444
1987,Historical,n2o_ppb,212.38095005220526
1988,Historical,n2o_ppb,213.91608798687588
1989,Historical,n2o_ppb,214.52034632078923
1990,Historical,n2o_ppb,214.8363249228969
1991,Historical,n2o_ppb,215.55685241791406
1992,Historical,n2o_ppb,216.18375436082746
1993,Historical,n2o_ppb,216.44462444475664
1994,Historical,n2o_ppb,216.7188520748473
1995,Historical,n2o_ppb,217.33810935406694
1996,Historical,n2o_ppb,216.84965992438134
1997,Historical,n2o_ppb,216.58503480315366
1998,Historical,n2o_ppb,218.92596773385344
1999,Historical,n2o_ppb,220.03443075785887
2000,Historical,n2o_ppb,218.27653857118895
2001,Historical,n2o_ppb,219.22606717078665
2002,Historical,n2o_ppb,220.60586228008026
2003,Historical,n2o_ppb,220.89348811938262
2004,Historical,n2o_ppb,222.19620637658326
2005,Historical,n2o_ppb,222.16462904700612
2006,Historical,n2o_ppb,222.17647257287882
2007,Historical,n2o_ppb,223.28353217134273
2008,Historical,n2o_ppb,224.01892853957312
2009,Historical,n2o_ppb,223.6269647688156
2010,Historical,n2o_ppb,224.2891783931994
2011,Historical,n2o_ppb,225.1730835157527
2012,Historical,n2o_ppb,227.52735687948055
2013,Historical,n2o_ppb,226.32164793976509
2014,Historical,n2o_ppb,228.15701191729553
2015,SSP1-1.9,n2o_ppb,229.40301600659714
2016,SSP1-1.9,n2o_ppb,231.63397174761707
2017,SSP1-1.9,n2o_ppb,229.71241196857488
2018,SSP1-1.9,n2o_ppb,229.29882573738806
2019,SSP1-1.9,n2o_ppb,232.0045065050018
2020,SSP1-1.9,n2o_ppb,232.11461306034192
2021,SSP1-1.9,n2o_ppb,232.94210434737127
2022,SSP1-1.9,n2o_ppb,230.95292353073052
2023,SSP1-1.9,n2o_ppb,233.02011197760248
2024,SSP1-1.9,n2o_ppb,233.98430837938346
2025,SSP1-1.9,n2o_ppb,233.35592748278668
2026,SSP1-1.9,n2o_ppb,234.5888924377295
2027,SSP1-1.9,n2o_ppb,234.03771618549843
2028,SSP1-1.9,n2o_ppb,235.37868105608737
2029,SSP1-1.9,n2o_ppb,234.1153286978274
2030,SSP1-1.9,n2o_ppb,234.7652296067468
2031,SSP1-1.9,n2o_ppb,234.89556777832468
2032,SSP1-1.9,n2o_ppb,235.1969589849082
2033,SSP1-1.9,n2o_ppb,236.10487982185867
2034,SSP1-1.9,n2o_ppb,237.10557011571606
2035,SSP1-1.9,n2o_ppb,235.79120430648376
2036,SSP1-1.9,n2o_ppb,235.56561991202972
2037,SSP1-1.9,n2o_ppb,236.54624420273348
2038,SSP1-1.9,n2o_ppb,237.2351183855974
2039,SSP1-1.9,n2o_ppb,238.28251868115936
2040,SSP1-1.9,n2o_ppb,237.94749774177407
2041,SSP1-1.9,n2o_ppb,237.73897091722444
2042,SSP1-1.9,n2o_ppb,236.07589215824697
2043,SSP1-1.9,n2o_ppb,237.91164583812522
2044,SSP1-1.9,n2o_ppb,236.30282424278792
2045,SSP1-1.9,n2o_ppb,238.36582526679658
2046,SSP1-1.9,n2o_ppb,239.731380912927
2047,SSP1-1.9,n2o_ppb,237.61996611279343
2048,SSP1-1.9,n2o_ppb,239.94727441327524
2049,SSP1-1.9,n2o_ppb,238.65306629029385
2050,SSP1-1.9,n2o_ppb,239.31558279107526
2051,SSP1-1.9,n2o_ppb,239.18346386670498
2052,SSP1-1.9,n2o_ppb,239.47705846081774
2053,SSP1-1.9,n2o_ppb,240.21284903645304
2054,SSP1-1.9,n2o_ppb,241.0862419473907
2055,SSP1-1.9,n2o_ppb,240.67979901807104
2056,SSP1-1.9,n2o_ppb,239.61533974960787
2057,SSP1-1.9,n2o_ppb,240.24715258162527
2058,SSP1-1.9,n2o_ppb,239.64816889608608
2059,SSP1-1.9,n2o_ppb,240.6118897570717
2060,SSP1-1.9,n2o_ppb,241.28010250401002
2061,SSP1-1.9,n2o_ppb,240.27536795448438
2062,SSP1-1.9,n2o_ppb,240.8472084262784
2063,SSP1-1.9,n2o_ppb,241.96876758493397
2064,SSP1-1.9,n2o_ppb,241.34815110257796
2065,SSP1-1.9,n2o_ppb,241.57385602119945
2066,SSP1-1.9,n2o_ppb,241.32446294922767
2067,SSP1-1.9,n2o_ppb,242.26768169446905
2068,SSP1-1.9,n2o_ppb,240.83076763136347
2069,SSP1-1.9,n2o_ppb,242.98969774632508
2070,SSP1-1.9,n2o_ppb,242.4666099636057
2071,SSP1-1.9,n2o_ppb,241.43399435062133
2072,SSP1-1.9,n2o_ppb,241.5698485238152
2073,SSP1-1.9,n2o_ppb,243.44242406122797
2074,SSP1-1.9,n2o_ppb,241.38875523521696
2075,SSP1-1.9,n2o_ppb,242.27440546179332
2076,SSP1-1.9,n2o_ppb,242.90247286979653
2077,SSP1-1.9,n2o_ppb,243.16012643075177
2078,SSP1-1.9,n2o_ppb,244.18679842980404
2079,SSP1-1.9,n2o_ppb,243.29137580647253
2080,SSP1-1.9,n2o_ppb,241.9481587879334
2081,SSP1-1.9,n2o_ppb,244.70574414133347
2082,SSP1-1.9,n2o_ppb,243.1764314568413
2083,SSP1-1.9,n2o_ppb,243.08593045979012
2084,SSP1-1.9,n2o_ppb,243.66563776429203
2085,SSP1-1.9,n2o_ppb,243.4368062143145
2086,SSP1-1.9,n2o_ppb,243.45999566406056
2087,SSP1-1.9,n2o_ppb,244.45478308794063
2088,SSP1-1.9,n2o_ppb,245.41707457483272
2089,SSP1-1.9,n2o_ppb,244.34094863346448
2090,SSP1-1.9,n2o_ppb,245.11015663525902
2091,SSP1-1.9,n2o_ppb,245.28431653576826
2092,SSP1-1.9,n2o_ppb,244.3068361971763
2093,SSP1-1.9,n2o_ppb,245.6490483271722
2094,SSP1-1.9,n2o_ppb,246.45017169094342
2095,SSP1-1.9,n2o_ppb,245.072447935117
2096,SSP1-1.9,n2o_ppb,246.2898098851099
2097,SSP1-1.9,n2o_ppb,246.56240343538573
2098,SSP1-1.9,n2o_ppb,246.0776259501548
2099,SSP1-1.9,n2o_ppb,246.9243816092771
2100,SSP1-1.9,n2o_ppb,246.3565539271455
2015,SSP1-2.6,n2o_ppb,228.5662011523971
2016,SSP1-2.6,n2o_ppb,230.7323297352923
2017,SSP1-2.6,n2o_ppb,229.36334018693017
2018,SSP1-2.6,n2o_ppb,230.9747619498753
2019,SSP1-2.6,n2o_ppb,230.1872805705264
2020,SSP1-2.6,n2o_ppb,231.31273339524085
2021,SSP1-2.6,n2o_ppb,229.933031133667
2022,SSP1-2.6,n2o_ppb,232.58380746991605
2023,SSP1-2.6,n2o_ppb,233.30156992440607
2024,SSP1-2.6,n2o_ppb,232.80733688490207
2025,SSP1-2.6,n2o_ppb,233.7829252199529
2026,SSP1-2.6,n2o_ppb,232.62444615656977
2027,SSP1-2.6,n2o_ppb,234.185177651383
2028,SSP1-2.6,n2o_ppb,233.76716614615444
2029,SSP1-2.6,n2o_ppb,234.60689382929914
2030,SSP1-2.6,n2o_ppb,235.7619999313103
2031,SSP1-2.6,n2o_ppb,235.58462241620325
2032,SSP1-2.6,n2o_ppb,236.4806953037175
2033,SSP1-2.6,n2o_ppb,237.12569774329603
2034,SSP1-2.6,n2o_ppb,235.3220355210365
2035,SSP1-2.6,n2o_ppb,236.71350305457665
2036,SSP1-2.6,n2o_ppb,236.95301101223265
2037,SSP1-2.6,n2o_ppb,235.47319752488914
2038,SSP1-2.6,n2o_ppb,236.00395392751142
2039,SSP1-2.6,n2o_ppb,236.83778264546635
2040,SSP1-2.6,n2o_ppb,237.03455470134685
2041,SSP1-2.6,n2o_ppb,237.1431480143167
2042,SSP1-2.6,n2o_ppb,239.19766295024695
2043,SSP1-2.6,n2o_ppb,238.32489466416192
2044,SSP1-2.6,n2o_ppb,239.81854196109774
2045,SSP1-2.6,n2o_ppb,238.66752083006614
2046,SSP1-2.6,n2o_ppb,237.82136755738924
2047,SSP1-2.6,n2o_ppb,238.2718865372731
2048,SSP1-2.6,n2o_ppb,239.02712184137818
2049,SSP1-2.6,n2o_ppb,238.600527566789
2050,SSP1-2.6,n2o_ppb,239.9853895714253
2051,SSP1-2.6,n2o_ppb,240.16522494665435
2052,SSP1-2.6,n2o_ppb,238.09428367996207
2053,SSP1-2.6,n2o_ppb,239.1657991661931
2054,SSP1-2.6,n2o_ppb,239.31037250358293
2055,SSP1-2.6,n2o_ppb,239.29069343045128
2056,SSP1-2.6,n2o_ppb,240.04288497217783
2057,SSP1-2.6,n2o_ppb,240.0208821962694
2058,SSP1-2.6,n2o_ppb,240.145955793326
2059,SSP1-2.6,n2o_ppb,241.3886821918808
2060,SSP1-2.6,n2o_ppb,242.1624652109411
2061,SSP1-2.6,n2o_ppb,240.02601200600068
2062,SSP1-2.6,n2o_ppb,240.71990687153186
2063,SSP1-2.6,n2o_ppb,241.06660969798273
2064,SSP1-2.6,n2o_ppb,240.82854232430014
2065,SSP1-2.6,n2o_ppb,241.07296835775017
2066,SSP1-2.6,n2o_ppb,240.18721092516526
2067,SSP1-2.6,n2o_ppb,242.7896876843719
2068,SSP1-2.6,n2o_ppb,241.13576811659027
2069,SSP1-2.6,n2o_ppb,240.99467708581386
2070,SSP1-2.6,n2o_ppb,241.8129451272245
2071,SSP1-2.6,n2o_ppb,242.5881567787144
2072,SSP1-2.6,n2o_ppb,242.067597409972
2073,SSP1-2.6,n2o_ppb,243.6200800532353
2074,SSP1-2.6,n2o_ppb,241.98562107136195
2075,SSP1-2.6,n2o_ppb,241.71645550724395
2076,SSP1-2.6,n2o_ppb,243.77102940124846
2077,SSP1-2.6,n2o_ppb,243.8859623950858
2078,SSP1-2.6,n2o_ppb,242.4535328448357
2079,SSP1-2.6,n2o_ppb,244.12896327539366
2080,SSP1-2.6,n2o_ppb,243.18131064223178
2081,SSP1-2.6,n2o_ppb,244.21346973006618
2082,SSP1-2.6,n2o_ppb,243.75796201667387
2083,SSP1-2.6,n2o_ppb,243.48916709705253
2084,SSP1-2.6,n2o_ppb,244.14846555372546
2085,SSP1-2.6,n2o_ppb,244.820502022692
2086,SSP1-2.6,n2o_ppb,243.60034801938576
2087,SSP1-2.6,n2o_ppb,245.65357013091355
2088,SSP1-2.6,n2o_ppb,244.67386560581318
2089,SSP1-2.6,n2o_ppb,244.97794915204378
2090,SSP1-2.6,n2o_ppb,244.76529072163115
2091,SSP1-2.6,n2o_ppb,246.2554161039576
2092,SSP1-2.6,n2o_ppb,244.16334791600696
2093,SSP1-2.6,n2o_ppb,244.89297517499696
2094,SSP1-2.6,n2o_ppb,244.66494819022827
2095,SSP1-2.6,n2o_ppb,245.49163641226409
2096,SSP1-2.6,n2o_ppb,246.83273539813368
2097,SSP1-2.6,n2o_ppb,244.95766958876007
2098,SSP1-2.6,n2o_ppb,246.1944272382056
2099,SSP1-2.6,n2o_ppb,246.47727259943392
2100,SSP1-2.6,n2o_ppb,246.5409784943893
2015,SSP2-4.5,n2o_ppb,229.57124521748122
2016,SSP2-4.5,n2o_ppb,228.5862751586013
2017,SSP2-4.5,n2o_ppb,229.90268469598325
2018,SSP2-4.5,n2o_ppb,230.36339631583692
2019,SSP2-4.5,n2o_ppb,229.4426423467385
2020,SSP2-4.5,n2o_ppb,230.74361689389113
2021,SSP2-4.5,n2o_ppb,232.4583986813896
2022,SSP2-4.5,n2o_ppb,230.6631492973197
2023,SSP2-4.5,n2o_ppb,232.65289792463207
2024,SSP2-4.5,n2o_ppb,234.41936755376503
2025,SSP2-4.5,n2o_ppb,233.03331398873016
2026,SSP2-4.5,n2o_ppb,234.6467469852234
2027,SSP2-4.5,n2o_ppb,236.22655326024275
2028,SSP2-4.5,n2o_ppb,236.291909282188
2029,SSP2-4.5,n2o_ppb,236.84142784416036
2030,SSP2-4.5,n2o_ppb,236.95634735409777
2031,SSP2-4.5,n2o_ppb,236.72509932567579
2032,SSP2-4.5,n2o_ppb,238.34714869121453
2033,SSP2-4.5,n2o_ppb,237.96146341265077
2034,SSP2-4.5,n2o_ppb,238.26870870931228
2035,SSP2-4.5,n2o_ppb,238.7786869908858
2036,SSP2-4.5,n2o_ppb,240.81209900226284
2037,SSP2-4.5,n2o_ppb,240.31568635611637
2038,SSP2-4.5,n2o_ppb,240.41126816697118
2039,SSP2-4.5,n2o_ppb,242.3210660009976
2040,SSP2-4.5,n2o_ppb,242.8534020161672
2041,SSP2-4.5,n2o_ppb,242.63365016049542
2042,SSP2-4.5,n2o_ppb,244.09349710271565
2043,SSP2-4.5,n2o_ppb,244.0793337335484
2044,SSP2-4.5,n2o_ppb,245.6369292865575
2045,SSP2-4.5,n2o_ppb,246.68324858453354
2046,SSP2-4.5,n2o_ppb,246.47965890544629
2047,SSP2-4.5,n2o_ppb,245.15647796981793
2048,SSP2-4.5,n2o_ppb,248.6432913268966
2049,SSP2-4.5,n2o_ppb,247.40261790101903
2050,SSP2-4.5,n2o_ppb,248.02497213196457
2051,SSP2-4.5,n2o_ppb,248.41995428250925
2052,SSP2-4.5,n2o_ppb,249.3986369822297
2053,SSP2-4.5,n2o_ppb,249.88944389446718
2054,SSP2-4.5,n2o_ppb,250.6832283522526
2055,SSP2-4.5,n2o_ppb,251.16339461134174
2056,SSP2-4.5,n2o_ppb,251.05133716348195
2057,SSP2-4.5,n2o_ppb,250.28005090571637
2058,SSP2-4.5,n2o_ppb,252.53275562727478
2059,SSP2-4.5,n2o_ppb,252.5864383374383
2060,SSP2-4.5,n2o_ppb,252.1693099529017
2061,SSP2-4.5,n2o_ppb,252.6097907302051
2062,SSP2-4.5,n2o_ppb,253.91447731051355
2063,SSP2-4.5,n2o_ppb,255.13403192360832
2064,SSP2-4.5,n2o_ppb,254.60400017568398
2065,SSP2-4.5,n2o_ppb,256.40996897602145
2066,SSP2-4.5,n2o_ppb,255.53786503933256
2067,SSP2-4.5,n2o_ppb,256.182012127873
2068,SSP2-4.5,n2o_ppb,258.15355880787604
2069,SSP2-4.5,n2o_ppb,256.66303032610057
2070,SSP2-4.5,n2o_ppb,257.6025259025909
2071,SSP2-4.5,n2o_ppb,258.1492016169556
2072,SSP2-4.5,n2o_ppb,258.0428005649276
2073,SSP2-4.5,n2o_ppb,256.9628864532464
2074,SSP2-4.5,n2o_ppb,259.339259217845
2075,SSP2-4.5,n2o_ppb,258.5952221904661
2076,SSP2-4.5,n2o_ppb,259.7597410206614
2077,SSP2-4.5,n2o_ppb,258.3821085894834
2078,SSP2-4.5,n2o_ppb,260.07247243254335
2079,SSP2-4.5,n2o_ppb,260.03532624264665
2080,SSP2-4.5,n2o_ppb,258.16685288334037
2081,SSP2-4.5,n2o_ppb,260.7328142915072
2082,SSP2-4.5,n2o_ppb,259.31764014698774
2083,SSP2-4.5,n2o_ppb,260.1893355594283
2084,SSP2-4.5,n2o_ppb,261.3969598817273
2085,SSP2-4.5,n2o_ppb,262.71059295766224
2086,SSP2-4.5,n2o_ppb,259.4468839202051
2087,SSP2-4.5,n2o_ppb,263.00031099150533
2088,SSP2-4.5,n2o_ppb,261.67636821064826
2089,SSP2-4.5,n2o_ppb,262.2009394407738
2090,SSP2-4.5,n2o_ppb,261.36087180420077
2091,SSP2-4.5,n2o_ppb,263.06110191340787
2092,SSP2-4.5,n2o_ppb,262.64763550135757
2093,SSP2-4.5,n2o_ppb,262.4393953437743
2094,SSP2-4.5,n2o_ppb,263.1002857317086
2095,SSP2-4.5,n2o_ppb,260.3982999751054
2096,SSP2-4.5,n2o_ppb,262.84182198446103
2097,SSP2-4.5,n2o_ppb,263.8985018980923
2098,SSP2-4.5,n2o_ppb,261.9947566574933
2099,SSP2-4.5,n2o_ppb,262.32513392871977
2100,SSP2-4.5,n2o_ppb,263.2085232094209
2015,SSP3-7.0,n2o_ppb,228.28987386610757
2016,SSP3-7.0,n2o_ppb,229.77876286055206
2017,SSP3-7.0,n2o_ppb,229.27598922619123
2018,SSP3-7.0,n2o_ppb,229.97880482959044
2019,SSP3-7.0,n2o_ppb,232.24047407647325
2020,SSP3-7.0,n2o_ppb,230.8403415382016
2021,SSP3-7.0,n2o_ppb,231.8446143357052
2022,SSP3-7.0,n2o_ppb,231.67145841250348
2023,SSP3-7.0,n2o_ppb,232.87512511896153
2024,SSP3-7.0,n2o_ppb,233.87109128725834
2025,SSP3-7.0,n2o_ppb,234.84447695086556
2026,SSP3-7.0,n2o_ppb,234.8907368807083
2027,SSP3-7.0,n2o_ppb,236.33433815957818
2028,SSP3-7.0,n2o_ppb,236.09270390272215
2029,SSP3-7.0,n2o_ppb,237.40198570951978
2030,SSP3-7.0,n2o_ppb,238.53035636382938
2031,SSP3-7.0,n2o_ppb,237.57652494300066
2032,SSP3-7.0,n2o_ppb,240.39941581985505
2033,SSP3-7.0,n2o_ppb,239.56938193541416
2034,SSP3-7.0,n2o_ppb,240.79523653618648
2035,SSP3-7.0,n2o_ppb,240.67315036325732
2036,SSP3-7.0,n2o_ppb,242.77548757479275
2037,SSP3-7.0,n2o_ppb,241.7129040024707
2038,SSP3-7.0,n2o_ppb,242.3838567268981
2039,SSP3-7.0,n2o_ppb,244.71811216323454
2040,SSP3-7.0,n2o_ppb,245.32982917705917
2041,SSP3-7.0,n2o_ppb,245.17844156113608
2042,SSP3-7.0,n2o_ppb,245.7890017178211
2043,SSP3-7.0,n2o_ppb,247.24607550414237
2044,SSP3-7.0,n2o_ppb,246.87253766860957
2045,SSP3-7.0,n2o_ppb,249.06521593113587
2046,SSP3-7.0,n2o_ppb,249.50347225639862
2047,SSP3-7.0,n2o_ppb,248.83638219242403
2048,SSP3-7.0,n2o_ppb,250.91340195890436
2049,SSP3-7.0,n2o_ppb,250.64173267801027
2050,SSP3-7.0,n2o_ppb,253.48666528462763
2051,SSP3-7.0,n2o_ppb,251.0118129090649
2052,SSP3-7.0,n2o_ppb,254.39809270723458
2053,SSP3-7.0,n2o_ppb,254.4467979086057
2054,SSP3-7.0,n2o_ppb,254.8588049492549
2055,SSP3-7.0,n2o_ppb,255.23696905290464
2056,SSP3-7.0,n2o_ppb,259.57488597182146
2057,SSP3-7.0,n2o_ppb,258.2776942018315
2058,SSP3-7.0,n2o_ppb,257.3939886363155
2059,SSP3-7.0,n2o_ppb,261.4108438334269
2060,SSP3-7.0,n2o_ppb,258.3348351936606
2061,SSP3-7.0,n2o_ppb,261.00649309111884
2062,SSP3-7.0,n2o_ppb,261.60384575346046
2063,SSP3-7.0,n2o_ppb,263.2531826840523
2064,SSP3-7.0,n2o_ppb,262.6265312150583
2065,SSP3-7.0,n2o_ppb,263.9781697245649
2066,SSP3-7.0,n2o_ppb,265.4469409833991
2067,SSP3-7.0,n2o_ppb,265.3739022588523
2068,SSP3-7.0,n2o_ppb,266.5528433548329
2069,SSP3-7.0,n2o_ppb,266.62517251933707
2070,SSP3-7.0,n2o_ppb,268.7683912115395
2071,SSP3-7.0,n2o_ppb,269.26099096151563
2072,SSP3-7.0,n2o_ppb,269.31450067992023
2073,SSP3-7.0,n2o_ppb,271.1280266176255
2074,SSP3-7.0,n2o_ppb,271.08721002175207
2075,SSP3-7.0,n2o_ppb,273.353406499064
2076,SSP3-7.0,n2o_ppb,274.4630771155062
2077,SSP3-7.0,n2o_ppb,275.6681060666747
2078,SSP3-7.0,n2o_ppb,276.51556399096546
2079,SSP3-7.0,n2o_ppb,277.26803242172724
2080,SSP3-7.0,n2o_ppb,277.3670459960229
2081,SSP3-7.0,n2o_ppb,278.926228931149
2082,SSP3-7.0,n2o_ppb,279.6996018677227
2083,SSP3-7.0,n2o_ppb,278.9348789600383
2084,SSP3-7.0,n2o_ppb,280.4960994486397
2085,SSP3-7.0,n2o_ppb,281.5306446257793
2086,SSP3-7.0,n2o_ppb,282.9450539466615
2087,SSP3-7.0,n2o_ppb,284.5855595231454
2088,SSP3-7.0,n2o_ppb,282.6537398234887
2089,SSP3-7.0,n2o_ppb,283.1380888116138
2090,SSP3-7.0,n2o_ppb,285.6501944608518
2091,SSP3-7.0,n2o_ppb,287.31181103585703
2092,SSP3-7.0,n2o_ppb,288.0374973890718
2093,SSP3-7.0,n2o_ppb,287.3180771698882
2094,SSP3-7.0,n2o_ppb,287.7314833248276
2095,SSP3-7.0,n2o_ppb,289.4726641003939
2096,SSP3-7.0,n2o_ppb,292.7783018964867
2097,SSP3-7.0,n2o_ppb,291.89484418527184
2098,SSP3-7.0,n2o_ppb,293.53053043210184
2099,SSP3-7.0,n2o_ppb,294.03232830280854
2100,SSP3-7.0,n2o_ppb,295.49245769627174
2015,SSP5-8.5,n2o_ppb,229.37481404781394
2016,SSP5-8.5,n2o_ppb,229.8118796791308
2017,SSP5-8.5,n2o_ppb,229.16578615997972
2018,SSP5-8.5,n2o_ppb,230.4357094617382
2019,SSP5-8.5,n2o_ppb,230.8261579847602
2020,SSP5-8.5,n2o_ppb,231.8444265960687
2021,SSP5-8.5,n2o_ppb,232.38845504760226
2022,SSP5-8.5,n2o_ppb,231.41218760603576
2023,SSP5-8.5,n2o_ppb,233.13941320639984
2024,SSP5-8.5,n2o_ppb,233.29851742599985
2025,SSP5-8.5,n2o_ppb,234.5512366589971
2026,SSP5-8.5,n2o_ppb,235.1745180399986
2027,SSP5-8.5,n2o_ppb,235.0171877134069
2028,SSP5-8.5,n2o_ppb,235.82256707269562
2029,SSP5-8.5,n2o_ppb,236.23037918518833
2030,SSP5-8.5,n2o_ppb,237.28672312810744
2031,SSP5-8.5,n2o_ppb,238.52950053640535
2032,SSP5-8.5,n2o_ppb,238.92114080084735
2033,SSP5-8.5,n2o_ppb,238.71033065886814
2034,SSP5-8.5,n2o_ppb,240.2789234927552
2035,SSP5-8.5,n2o_ppb,240.98140796220792
2036,SSP5-8.5,n2o_ppb,239.7784300195028
2037,SSP5-8.5,n2o_ppb,241.12479534140823
2038,SSP5-8.5,n2o_ppb,243.2268960840298
2039,SSP5-8.5,n2o_ppb,242.11884766666745
2040,SSP5-8.5,n2o_ppb,242.8920885564937
2041,SSP5-8.5,n2o_ppb,244.78376861592125
2042,SSP5-8.5,n2o_ppb,245.36000368032546
2043,SSP5-8.5,n2o_ppb,245.7748959772689
2044,SSP5-8.5,n2o_ppb,245.93232538971068
2045,SSP5-8.5,n2o_ppb,247.04353507024595
2046,SSP5-8.5,n2o_ppb,248.9063173110963
2047,SSP5-8.5,n2o_ppb,248.4848735137965
2048,SSP5-8.5,n2o_ppb,248.1496884075516
2049,SSP5-8.5,n2o_ppb,249.80530309284057
2050,SSP5-8.5,n2o_ppb,250.0058843124039
2051,SSP5-8.5,n2o_ppb,250.22889594047243
2052,SSP5-8.5,n2o_ppb,250.60966527094556
2053,SSP5-8.5,n2o_ppb,250.93676624990184
2054,SSP5-8.5,n2o_ppb,252.24865133192841
2055,SSP5-8.5,n2o_ppb,250.39999993615453
2056,SSP5-8.5,n2o_ppb,253.14928197107145
2057,SSP5-8.5,n2o_ppb,254.5699545698074
2058,SSP5-8.5,n2o_ppb,255.52877061106713
2059,SSP5-8.5,n2o_ppb,253.4333545670134
2060,SSP5-8.5,n2o_ppb,255.81509131713676
2061,SSP5-8.5,n2o_ppb,255.14911366625603
2062,SSP5-8.5,n2o_ppb,256.3969064485319
2063,SSP5-8.5,n2o_ppb,257.9656305861669
2064,SSP5-8.5,n2o_ppb,255.59326521377773
2065,SSP5-8.5,n2o_ppb,256.8487977895768
2066,SSP5-8.5,n2o_ppb,258.1047518415625
2067,SSP5-8.5,n2o_ppb,258.25048935904675
2068,SSP5-8.5,n2o_ppb,260.6033453873738
2069,SSP5-8.5,n2o_ppb,259.36155345015
2070,SSP5-8.5,n2o_ppb,261.23196484552943
2071,SSP5-8.5,n2o_ppb,261.73862258985105
2072,SSP5-8.5,n2o_ppb,261.16778120425033
2073,SSP5-8.5,n2o_ppb,262.5806043509712
2074,SSP5-8.5,n2o_ppb,262.0090398856426
2075,SSP5-8.5,n2o_ppb,262.47603365508684
2076,SSP5-8.5,n2o_ppb,263.5471718484576
2077,SSP5-8.5,n2o_ppb,265.51393592726873
2078,SSP5-8.5,n2o_ppb,263.9250657987624
2079,SSP5-8.5,n2o_ppb,263.66063785534635
2080,SSP5-8.5,n2o_ppb,265.5883895234215
2081,SSP5-8.5,n2o_ppb,266.77079742695685
2082,SSP5-8.5,n2o_ppb,265.3755259684089
2083,SSP5-8.5,n2o_ppb,267.3922700083811
2084,SSP5-8.5,n2o_ppb,266.9759562408478
2085,SSP5-8.5,n2o_ppb,268.23041928889677
2086,SSP5-8.5,n2o_ppb,267.9777008397359
2087,SSP5-8.5,n2o_ppb,268.123244048132
2088,SSP5-8.5,n2o_ppb,269.99323025164324
2089,SSP5-8.5,n2o_ppb,268.5485586937257
2090,SSP5-8.5,n2o_ppb,269.5161585442948
2091,SSP5-8.5,n2o_ppb,269.804595168059
2092,SSP5-8.5,n2o_ppb,269.1475676664844
2093,SSP5-8.5,n2o_ppb,270.3060885236983
2094,SSP5-8.5,n2o_ppb,271.4563303093304
2095,SSP5-8.5,n2o_ppb,271.3592585663911
2096,SSP5-8.5,n2o_ppb,271.0136926759772
2097,SSP5-8.5,n2o_ppb,273.2651313533595
2098,SSP5-8.5,n2o_ppb,272.33303338618896
2099,SSP5-8.5,n2o_ppb,272.5957349642161
2100,SSP5-8.5,n2o_ppb,274.2905530129652
1850,Historical,rf_co2_wm2,0.11706563074516414
1851,Historical,rf_co2_wm2,0.10799149051229964
1852,Historical,rf_co2_wm2,0.10139514752407554
1853,Historical,rf_co2_wm2,0.12621278613803424
1854,Historical,rf_co2_wm2,0.12345343508989921
1855,Historical,rf_co2_wm2,0.11078211365669396
1856,Historical,rf_co2_wm2,0.10595407395927482
1857,Historical,rf_co2_wm2,0.12925851675925878
1858,Historical,rf_co2_wm2,0.12928490360034747
1859,Historical,rf_co2_wm2,0.1271118955262373
1860,Historical,rf_co2_wm2,0.13156558839195914
1861,Historical,rf_co2_wm2,0.12372815507902804
1862,Historical,rf_co2_wm2,0.13111591628019692
1863,Historical,rf_co2_wm2,0.13278086255446184
1864,Historical,rf_co2_wm2,0.1390080504158128
1865,Historical,rf_co2_wm2,0.1560642750996849
1866,Historical,rf_co2_wm2,0.1584643714631279
1867,Historical,rf_co2_wm2,0.15908510292901248
1868,Historical,rf_co2_wm2,0.15893050846026094
1869,Historical,rf_co2_wm2,0.1564386147189119
1870,Historical,rf_co2_wm2,0.1527220242465185
1871,Historical,rf_co2_wm2,0.15973696693199196
1872,Historical,rf_co2_wm2,0.17059132216213158
1873,Historical,rf_co2_wm2,0.1780789505362852
1874,Historical,rf_co2_wm2,0.1745235039443888
1875,Historical,rf_co2_wm2,0.17990458611626528
1876,Historical,rf_co2_wm2,0.1756359433272083
1877,Historical,rf_co2_wm2,0.17862630793652118
1878,Historical,rf_co2_wm2,0.18062407115847737
1879,Historical,rf_co2_wm2,0.18626911859150014
1880,Historical,rf_co2_wm2,0.1977307128903695
1881,Historical,rf_co2_wm2,0.19960119713139626
1882,Historical,rf_co2_wm2,0.19361947385912756
1883,Historical,rf_co2_wm2,0.20334240531136227
1884,Historical,rf_co2_wm2,0.21649143592283326
1885,Historical,rf_co2_wm2,0.21451150710264552
1886,Historical,rf_co2_wm2,0.21351747981715719
1887,Historical,rf_co2_wm2,0.2133850511605896
1888,Historical,rf_co2_wm2,0.22728982706498346
1889,Historical,rf_co2_wm2,0.2420885009896577
1890,Historical,rf_co2_wm2,0.2448668385221734
1891,Historical,rf_co2_wm2,0.24774405127141058
1892,Historical,rf_co2_wm2,0.25547763758170544
1893,Historical,rf_co2_wm2,0.2681483455992372
1894,Historical,rf_co2_wm2,0.2736408804546363
1895,Historical,rf_co2_wm2,0.27681433456097954
1896,Historical,rf_co2_wm2,0.28534199994365456
1897,Historical,rf_co2_wm2,0.28689693929849924
1898,Historical,rf_co2_wm2,0.2863691087571392
1899,Historical,rf_co2_wm2,0.2978195698662391
1900,Historical,rf_co2_wm2,0.31878543786693364
1901,Historical,rf_co2_wm2,0.3242108802841708
1902,Historical,rf_co2_wm2,0.3103541627431463
1903,Historical,rf_co2_wm2,0.310274079269512
1904,Historical,rf_co2_wm2,0.3275470544711135
1905,Historical,rf_co2_wm2,0.3412430633100044
1906,Historical,rf_co2_wm2,0.339263625059305
1907,Historical,rf_co2_wm2,0.33879692416704876
1908,Historical,rf_co2_wm2,0.3462245154829126
1909,Historical,rf_co2_wm2,0.36309479486306057
1910,Historical,rf_co2_wm2,0.36805567544208845
1911,Historical,rf_co2_wm2,0.3794441510388353
1912,Historical,rf_co2_wm2,0.3776742710872151
1913,Historical,rf_co2_wm2,0.3808303812579808
1914,Historical,rf_co2_wm2,0.3866486990269174
1915,Historical,rf_co2_wm2,0.40620372051840636
1916,Historical,rf_co2_wm2,0.41448292203913595
1917,Historical,rf_co2_wm2,0.4286560147117923
1918,Historical,rf_co2_wm2,0.434580805668458
1919,Historical,rf_co2_wm2,0.4531783992128319
1920,Historical,rf_co2_wm2,0.4563871560771603
1921,Historical,rf_co2_wm2,0.44662974544531936
1922,Historical,rf_co2_wm2,0.4581458545653429
1923,Historical,rf_co2_wm2,0.4799637260278271
1924,Historical,rf_co2_wm2,0.4749870712834463
1925,Historical,rf_co2_wm2,0.4683342571449194
1926,Historical,rf_co2_wm2,0.4776114545601559
1927,Historical,rf_co2_wm2,0.48515270042701414
1928,Historical,rf_co2_wm2,0.5064357986009788
1929,Historical,rf_co2_wm2,0.5070934371654361
1930,Historical,rf_co2_wm2,0.5072532456632164
1931,Historical,rf_co2_wm2,0.508804597402481
1932,Historical,rf_co2_wm2,0.5235970845675807
1933,Historical,rf_co2_wm2,0.5269446295738027
1934,Historical,rf_co2_wm2,0.5167393198298692
1935,Historical,rf_co2_wm2,0.5167466775637336
1936,Historical,rf_co2_wm2,0.5224085084637607
1937,Historical,rf_co2_wm2,0.5364135604364297
1938,Historical,rf_co2_wm2,0.5475666141278831
1939,Historical,rf_co2_wm2,0.559970606245702
1940,Historical,rf_co2_wm2,0.5768577236635563
1941,Historical,rf_co2_wm2,0.5794762402315815
1942,Historical,rf_co2_wm2,0.5766151533392537
1943,Historical,rf_co2_wm2,0.5949128330986819
1944,Historical,rf_co2_wm2,0.6068956617052873
1945,Historical,rf_co2_wm2,0.59961477069943
1946,Historical,rf_co2_wm2,0.5935950522362293
1947,Historical,rf_co2_wm2,0.607005552156834
1948,Historical,rf_co2_wm2,0.6119417849186897
1949,Historical,rf_co2_wm2,0.6025198939133928
1950,Historical,rf_co2_wm2,0.6136827981155313
1951,Historical,rf_co2_wm2,0.613221499099791
1952,Historical,rf_co2_wm2,0.6086997437649843
1953,Historical,rf_co2_wm2,0.6239092069828583
1954,Historical,rf_co2_wm2,0.6272244868072041
1955,Historical,rf_co2_wm2,0.6325043228011497
1956,Historical,rf_co2_wm2,0.630196128350969
1957,Historical,rf_co2_wm2,0.6368722786755077
1958,Historical,rf_co2_wm2,0.6523345233534397
1959,Historical,rf_co2_wm2,0.6558111449469232
1960,Historical,rf_co2_wm2,0.6574267202571112
1961,Historical,rf_co2_wm2,0.6629937942410926
1962,Historical,rf_co2_wm2,0.6744575348490007
1963,Historical,rf_co2_wm2,0.6917684598342568
1964,Historical,rf_co2_wm2,0.6916814343948783
1965,Historical,rf_co2_wm2,0.6985965326168351
1966,Historical,rf_co2_wm2,0.7110088907756476
1967,Historical,rf_co2_wm2,0.7425414339001162
1968,Historical,rf_co2_wm2,0.7467461942217605
1969,Historical,rf_co2_wm2,0.7493338048392187
1970,Historical,rf_co2_wm2,0.7698718726469262
1971,Historical,rf_co2_wm2,0.7831389579032941
1972,Historical,rf_co2_wm2,0.8096798756180901
1973,Historical,rf_co2_wm2,0.8318328461757203
1974,Historical,rf_co2_wm2,0.8545613156099302
1975,Historical,rf_co2_wm2,0.8716984173255113
1976,Historical,rf_co2_wm2,0.8890158323747901
1977,Historical,rf_co2_wm2,0.9070853870226013
1978,Historical,rf_co2_wm2,0.923054588825252
1979,Historical,rf_co2_wm2,0.9418052161211898
1980,Historical,rf_co2_wm2,0.9637701831945542
1981,Historical,rf_co2_wm2,0.9964342966349901
1982,Historical,rf_co2_wm2,1.0350684627476805
1983,Historical,rf_co2_wm2,1.0426499566016514
1984,Historical,rf_co2_wm2,1.0536513006844044
1985,Historical,rf_co2_wm2,1.0773960964100897
1986,Historical,rf_co2_wm2,1.1026690775825125
1987,Historical,rf_co2_wm2,1.1304317441002185
1988,Historical,rf_co2_wm2,1.1531156637586946
1989,Historical,rf_co2_wm2,1.1787471860231806
1990,Historical,rf_co2_wm2,1.2140308550555237
1991,Historical,rf_co2_wm2,1.2390855098229083
1992,Historical,rf_co2_wm2,1.249839949293111
1993,Historical,rf_co2_wm2,1.257425529341987
1994,Historical,rf_co2_wm2,1.2885406888333368
1995,Historical,rf_co2_wm2,1.306191561931908
1996,Historical,rf_co2_wm2,1.3204330157343238
1997,Historical,rf_co2_wm2,1.3367122982236679
1998,Historical,rf_co2_wm2,1.364877057767044
1999,Historical,rf_co2_wm2,1.3970096075175402
2000,Historical,rf_co2_wm2,1.4318736951302373
2001,Historical,rf_co2_wm2,1.4596585234244162
2002,Historical,rf_co2_wm2,1.4810447461467657
2003,Historical,rf_co2_wm2,1.4953226398207302
2004,Historical,rf_co2_wm2,1.5377502566798582
2005,Historical,rf_co2_wm2,1.5658754655993705
2006,Historical,rf_co2_wm2,1.5826515989888295
2007,Historical,rf_co2_wm2,1.6061171346603416
2008,Historical,rf_co2_wm2,1.637586129410622
2009,Historical,rf_co2_wm2,1.670929202388834
2010,Historical,rf_co2_wm2,1.6989719445919091
2011,Historical,rf_co2_wm2,1.715315879077814
2012,Historical,rf_co2_wm2,1.7506044047561882
2013,Historical,rf_co2_wm2,1.791295674050067
2014,Historical,rf_co2_wm2,1.8086830096379976
2015,SSP1-1.9,rf_co2_wm2,1.8344364162969329
2016,SSP1-1.9,rf_co2_wm2,1.8638541042436667
2017,SSP1-1.9,rf_co2_wm2,1.9053939270233538
2018,SSP1-1.9,rf_co2_wm2,1.946782847098503
2019,SSP1-1.9,rf_co2_wm2,1.9654827481770452
2020,SSP1-1.9,rf_co2_wm2,1.9959110719954507
2021,SSP1-1.9,rf_co2_wm2,2.0389501802373724
2022,SSP1-1.9,rf_co2_wm2,2.0811662675718248
2023,SSP1-1.9,rf_co2_wm2,2.1152058233158244
2024,SSP1-1.9,rf_co2_wm2,2.1439943282832257
2025,SSP1-1.9,rf_co2_wm2,2.1697561833515495
2026,SSP1-1.9,rf_co2_wm2,2.2054500703748525
2027,SSP1-1.9,rf_co2_wm2,2.2283116638637006
2028,SSP1-1.9,rf_co2_wm2,2.2545452214699826
2029,SSP1-1.9,rf_co2_wm2,2.2767680750893646
2030,SSP1-1.9,rf_co2_wm2,2.2943949687397467
2031,SSP1-1.9,rf_co2_wm2,2.320624850036739
2032,SSP1-1.9,rf_co2_wm2,2.336389981790407
2033,SSP1-1.9,rf_co2_wm2,2.3456866909592775
2034,SSP1-1.9,rf_co2_wm2,2.3552151484306085
2035,SSP1-1.9,rf_co2_wm2,2.3665676756509493
2036,SSP1-1.9,rf_co2_wm2,2.383644879430696
2037,SSP1-1.9,rf_co2_wm2,2.379081956190929
2038,SSP1-1.9,rf_co2_wm2,2.382933821214587
2039,SSP1-1.9,rf_co2_wm2,2.394174527087094
2040,SSP1-1.9,rf_co2_wm2,2.40411714644399
2041,SSP1-1.9,rf_co2_wm2,2.404475173638609
2042,SSP1-1.9,rf_co2_wm2,2.4055718204827907
2043,SSP1-1.9,rf_co2_wm2,2.4063853631880976
2044,SSP1-1.9,rf_co2_wm2,2.407019097569605
2045,SSP1-1.9,rf_co2_wm2,2.4077393169920644
2046,SSP1-1.9,rf_co2_wm2,2.402722102838353
2047,SSP1-1.9,rf_co2_wm2,2.4022926611223925
2048,SSP1-1.9,rf_co2_wm2,2.394743468874353
2049,SSP1-1.9,rf_co2_wm2,2.3815840810395157
2050,SSP1-1.9,rf_co2_wm2,2.3893587023001017
2051,SSP1-1.9,rf_co2_wm2,2.3872820681666376
2052,SSP1-1.9,rf_co2_wm2,2.3841049347558907
2053,SSP1-1.9,rf_co2_wm2,2.3686257858881588
2054,SSP1-1.9,rf_co2_wm2,2.3666176418748943
2055,SSP1-1.9,rf_co2_wm2,2.3641543285619604
2056,SSP1-1.9,rf_co2_wm2,2.349515773105097
2057,SSP1-1.9,rf_co2_wm2,2.346283948163092
2058,SSP1-1.9,rf_co2_wm2,2.340987453679857
2059,SSP1-1.9,rf_co2_wm2,2.336091305842005
2060,SSP1-1.9,rf_co2_wm2,2.3252637876461337
2061,SSP1-1.9,rf_co2_wm2,2.3182921579495273
2062,SSP1-1.9,rf_co2_wm2,2.3153461446773154
2063,SSP1-1.9,rf_co2_wm2,2.308425505452988
2064,SSP1-1.9,rf_co2_wm2,2.2925176290497653
2065,SSP1-1.9,rf_co2_wm2,2.2842706345707335
2066,SSP1-1.9,rf_co2_wm2,2.272991781695
2067,SSP1-1.9,rf_co2_wm2,2.259536948951504
2068,SSP1-1.9,rf_co2_wm2,2.2615842015150256
2069,SSP1-1.9,rf_co2_wm2,2.2539327320544085
2070,SSP1-1.9,rf_co2_wm2,2.2375166163355087
2071,SSP1-1.9,rf_co2_wm2,2.2345970343822987
2072,SSP1-1.9,rf_co2_wm2,2.2150233927631335
2073,SSP1-1.9,rf_co2_wm2,2.201675308492938
2074,SSP1-1.9,rf_co2_wm2,2.2009505521664137
2075,SSP1-1.9,rf_co2_wm2,2.1872880500635503
2076,SSP1-1.9,rf_co2_wm2,2.171816428716494
2077,SSP1-1.9,rf_co2_wm2,2.172463931789443
2078,SSP1-1.9,rf_co2_wm2,2.157330383831702
2079,SSP1-1.9,rf_co2_wm2,2.1456903037384167
2080,SSP1-1.9,rf_co2_wm2,2.1429278432425924
2081,SSP1-1.9,rf_co2_wm2,2.1239642647144934
2082,SSP1-1.9,rf_co2_wm2,2.1160528776832215
2083,SSP1-1.9,rf_co2_wm2,2.1061289342384786
2084,SSP1-1.9,rf_co2_wm2,2.0907101271911555
2085,SSP1-1.9,rf_co2_wm2,2.074993660334905
2086,SSP1-1.9,rf_co2_wm2,2.072225062321254
2087,SSP1-1.9,rf_co2_wm2,2.05689117218028
2088,SSP1-1.9,rf_co2_wm2,2.0381664861707636
2089,SSP1-1.9,rf_co2_wm2,2.031249174595194
2090,SSP1-1.9,rf_co2_wm2,2.0122391816190683
2091,SSP1-1.9,rf_co2_wm2,1.995792994496728
2092,SSP1-1.9,rf_co2_wm2,1.992398561415359
2093,SSP1-1.9,rf_co2_wm2,1.97136676551649
2094,SSP1-1.9,rf_co2_wm2,1.9516971359233286
2095,SSP1-1.9,rf_co2_wm2,1.9471422401820895
2096,SSP1-1.9,rf_co2_wm2,1.925369720062663
2097,SSP1-1.9,rf_co2_wm2,1.9091284617603697
2098,SSP1-1.9,rf_co2_wm2,1.899229057527922
2099,SSP1-1.9,rf_co2_wm2,1.8850717492474347
2100,SSP1-1.9,rf_co2_wm2,1.8699090277589503
2015,SSP1-2.6,rf_co2_wm2,1.8365091511628027
2016,SSP1-2.6,rf_co2_wm2,1.8627144603499726
2017,SSP1-2.6,rf_co2_wm2,1.9061226748034774
2018,SSP1-2.6,rf_co2_wm2,1.9378186845444914
2019,SSP1-2.6,rf_co2_wm2,1.9615868606921574
2020,SSP1-2.6,rf_co2_wm2,2.0036971717715053
2021,SSP1-2.6,rf_co2_wm2,2.0492363123629915
2022,SSP1-2.6,rf_co2_wm2,2.079722815379823
2023,SSP1-2.6,rf_co2_wm2,2.1061127948397127
2024,SSP1-2.6,rf_co2_wm2,2.1450665252639496
2025,SSP1-2.6,rf_co2_wm2,2.1812857231434872
2026,SSP1-2.6,rf_co2_wm2,2.2200477354403945
2027,SSP1-2.6,rf_co2_wm2,2.242432644932212
2028,SSP1-2.6,rf_co2_wm2,2.2702135764793896
2029,SSP1-2.6,rf_co2_wm2,2.3058867023918785
2030,SSP1-2.6,rf_co2_wm2,2.3381494134138987
2031,SSP1-2.6,rf_co2_wm2,2.368430116568902
2032,SSP1-2.6,rf_co2_wm2,2.3888189564023263
2033,SSP1-2.6,rf_co2_wm2,2.412169503732723
2034,SSP1-2.6,rf_co2_wm2,2.444986085282971
2035,SSP1-2.6,rf_co2_wm2,2.468009613898564
2036,SSP1-2.6,rf_co2_wm2,2.4888778989183638
2037,SSP1-2.6,rf_co2_wm2,2.516920405651113
2038,SSP1-2.6,rf_co2_wm2,2.5332543822979
2039,SSP1-2.6,rf_co2_wm2,2.555785490081273
2040,SSP1-2.6,rf_co2_wm2,2.571124925119129
2041,SSP1-2.6,rf_co2_wm2,2.5907322135993893
2042,SSP1-2.6,rf_co2_wm2,2.622010149165231
2043,SSP1-2.6,rf_co2_wm2,2.634497557373956
2044,SSP1-2.6,rf_co2_wm2,2.6434078290070824
2045,SSP1-2.6,rf_co2_wm2,2.6626587001076016
2046,SSP1-2.6,rf_co2_wm2,2.6798027265307103
2047,SSP1-2.6,rf_co2_wm2,2.6954064808778644
2048,SSP1-2.6,rf_co2_wm2,2.7038882240087934
2049,SSP1-2.6,rf_co2_wm2,2.718375902476407
2050,SSP1-2.6,rf_co2_wm2,2.7268937579095818
2051,SSP1-2.6,rf_co2_wm2,2.7319407894676058
2052,SSP1-2.6,rf_co2_wm2,2.744784572071619
2053,SSP1-2.6,rf_co2_wm2,2.7521128184269728
2054,SSP1-2.6,rf_co2_wm2,2.762964408797501
2055,SSP1-2.6,rf_co2_wm2,2.777187238811866
2056,SSP1-2.6,rf_co2_wm2,2.7786342686872545
2057,SSP1-2.6,rf_co2_wm2,2.7792624207539283
2058,SSP1-2.6,rf_co2_wm2,2.778654994325122
2059,SSP1-2.6,rf_co2_wm2,2.780134543175239
2060,SSP1-2.6,rf_co2_wm2,2.7918731338306237
2061,SSP1-2.6,rf_co2_wm2,2.8071240055528635
2062,SSP1-2.6,rf_co2_wm2,2.805015339823756
2063,SSP1-2.6,rf_co2_wm2,2.8022033559216744
2064,SSP1-2.6,rf_co2_wm2,2.800438866677213
2065,SSP1-2.6,rf_co2_wm2,2.798695838607273
2066,SSP1-2.6,rf_co2_wm2,2.804229164055058
2067,SSP1-2.6,rf_co2_wm2,2.801499598935387
2068,SSP1-2.6,rf_co2_wm2,2.803077251844896
2069,SSP1-2.6,rf_co2_wm2,2.808140583992793
2070,SSP1-2.6,rf_co2_wm2,2.8039280227067582
2071,SSP1-2.6,rf_co2_wm2,2.7951127313351853
2072,SSP1-2.6,rf_co2_wm2,2.792506548634682
2073,SSP1-2.6,rf_co2_wm2,2.7886777777157286
2074,SSP1-2.6,rf_co2_wm2,2.7901901365610433
2075,SSP1-2.6,rf_co2_wm2,2.7869872074050703
2076,SSP1-2.6,rf_co2_wm2,2.7775150626414202
2077,SSP1-2.6,rf_co2_wm2,2.775781053833359
2078,SSP1-2.6,rf_co2_wm2,2.7807119413341326
2079,SSP1-2.6,rf_co2_wm2,2.7681857763536994
2080,SSP1-2.6,rf_co2_wm2,2.757068974474684
2081,SSP1-2.6,rf_co2_wm2,2.747757979085697
2082,SSP1-2.6,rf_co2_wm2,2.738616717685699
2083,SSP1-2.6,rf_co2_wm2,2.735250159733504
2084,SSP1-2.6,rf_co2_wm2,2.710939933658199
2085,SSP1-2.6,rf_co2_wm2,2.693388810934051
2086,SSP1-2.6,rf_co2_wm2,2.6991017858593582
2087,SSP1-2.6,rf_co2_wm2,2.6894237531907796
2088,SSP1-2.6,rf_co2_wm2,2.6714342143654646
2089,SSP1-2.6,rf_co2_wm2,2.658507924028511
2090,SSP1-2.6,rf_co2_wm2,2.651356411480001
2091,SSP1-2.6,rf_co2_wm2,2.6380734769813965
2092,SSP1-2.6,rf_co2_wm2,2.62074671071205
2093,SSP1-2.6,rf_co2_wm2,2.6119591737901553
2094,SSP1-2.6,rf_co2_wm2,2.591569071326592
2095,SSP1-2.6,rf_co2_wm2,2.573124067433119
2096,SSP1-2.6,rf_co2_wm2,2.562298341639482
2097,SSP1-2.6,rf_co2_wm2,2.5551024318383444
2098,SSP1-2.6,rf_co2_wm2,2.545263238649735
2099,SSP1-2.6,rf_co2_wm2,2.531309085480206
2100,SSP1-2.6,rf_co2_wm2,2.5209505201637947
2015,SSP2-4.5,rf_co2_wm2,1.8359382440136485
2016,SSP2-4.5,rf_co2_wm2,1.864172739143664
2017,SSP2-4.5,rf_co2_wm2,1.906897695319622
2018,SSP2-4.5,rf_co2_wm2,1.9419399810744988
2019,SSP2-4.5,rf_co2_wm2,1.990388435688575
2020,SSP2-4.5,rf_co2_wm2,2.0124776492278293
2021,SSP2-4.5,rf_co2_wm2,2.0387131176344733
2022,SSP2-4.5,rf_co2_wm2,2.08185665943533
2023,SSP2-4.5,rf_co2_wm2,2.1232607547140603
2024,SSP2-4.5,rf_co2_wm2,2.165116273462338
2025,SSP2-4.5,rf_co2_wm2,2.1919567371176334
2026,SSP2-4.5,rf_co2_wm2,2.2334735876854155
2027,SSP2-4.5,rf_co2_wm2,2.2695094817594037
2028,SSP2-4.5,rf_co2_wm2,2.3065685993961575
2029,SSP2-4.5,rf_co2_wm2,2.3361917902648206
2030,SSP2-4.5,rf_co2_wm2,2.379705861370113
2031,SSP2-4.5,rf_co2_wm2,2.4129273241760605
2032,SSP2-4.5,rf_co2_wm2,2.4464999396967855
2033,SSP2-4.5,rf_co2_wm2,2.4812863371046916
2034,SSP2-4.5,rf_co2_wm2,2.5170676494434856
2035,SSP2-4.5,rf_co2_wm2,2.5532122075464287
2036,SSP2-4.5,rf_co2_wm2,2.5932554845588807
2037,SSP2-4.5,rf_co2_wm2,2.633659837924819
2038,SSP2-4.5,rf_co2_wm2,2.6681810680990217
2039,SSP2-4.5,rf_co2_wm2,2.7060263811159566
2040,SSP2-4.5,rf_co2_wm2,2.7362064430250714
2041,SSP2-4.5,rf_co2_wm2,2.7727934473000375
2042,SSP2-4.5,rf_co2_wm2,2.80856986144118
2043,SSP2-4.5,rf_co2_wm2,2.8459114381797788
2044,SSP2-4.5,rf_co2_wm2,2.8812220814974285
2045,SSP2-4.5,rf_co2_wm2,2.9148644194552116
2046,SSP2-4.5,rf_co2_wm2,2.946932829807954
2047,SSP2-4.5,rf_co2_wm2,2.9825435934670717
2048,SSP2-4.5,rf_co2_wm2,3.009891202602449
2049,SSP2-4.5,rf_co2_wm2,3.0493871465515796
2050,SSP2-4.5,rf_co2_wm2,3.0842386996186297
2051,SSP2-4.5,rf_co2_wm2,3.1135451306637205
2052,SSP2-4.5,rf_co2_wm2,3.150620442591821
2053,SSP2-4.5,rf_co2_wm2,3.190442896794235
2054,SSP2-4.5,rf_co2_wm2,3.2248258074130436
2055,SSP2-4.5,rf_co2_wm2,3.2519160737228856
2056,SSP2-4.5,rf_co2_wm2,3.290189838848901
2057,SSP2-4.5,rf_co2_wm2,3.318376195498069
2058,SSP2-4.5,rf_co2_wm2,3.3368525485984315
2059,SSP2-4.5,rf_co2_wm2,3.3644817774792886
2060,SSP2-4.5,rf_co2_wm2,3.4046095814102184
2061,SSP2-4.5,rf_co2_wm2,3.4352112728807507
2062,SSP2-4.5,rf_co2_wm2,3.466246840362358
2063,SSP2-4.5,rf_co2_wm2,3.492060921130708
2064,SSP2-4.5,rf_co2_wm2,3.527901690254057
2065,SSP2-4.5,rf_co2_wm2,3.5486409577435136
2066,SSP2-4.5,rf_co2_wm2,3.5687903961824428
2067,SSP2-4.5,rf_co2_wm2,3.6012273690467285
2068,SSP2-4.5,rf_co2_wm2,3.629329930424443
2069,SSP2-4.5,rf_co2_wm2,3.6539251075658155
2070,SSP2-4.5,rf_co2_wm2,3.6718785740782134
2071,SSP2-4.5,rf_co2_wm2,3.6906841509648545
2072,SSP2-4.5,rf_co2_wm2,3.722776715177009
2073,SSP2-4.5,rf_co2_wm2,3.7519697184243395
2074,SSP2-4.5,rf_co2_wm2,3.7706998401259213
2075,SSP2-4.5,rf_co2_wm2,3.7942090095257237
2076,SSP2-4.5,rf_co2_wm2,3.8220835231236734
2077,SSP2-4.5,rf_co2_wm2,3.8375524134301644
2078,SSP2-4.5,rf_co2_wm2,3.849989593612625
2079,SSP2-4.5,rf_co2_wm2,3.86687340633849
2080,SSP2-4.5,rf_co2_wm2,3.8899646048922483
2081,SSP2-4.5,rf_co2_wm2,3.9015862798238605
2082,SSP2-4.5,rf_co2_wm2,3.9208698480539526
2083,SSP2-4.5,rf_co2_wm2,3.9420970155295203
2084,SSP2-4.5,rf_co2_wm2,3.9512364514858858
2085,SSP2-4.5,rf_co2_wm2,3.9628592663214692
2086,SSP2-4.5,rf_co2_wm2,3.991049874828272
2087,SSP2-4.5,rf_co2_wm2,3.995326099409806
2088,SSP2-4.5,rf_co2_wm2,4.0000088885014256
2089,SSP2-4.5,rf_co2_wm2,4.024677527783425
2090,SSP2-4.5,rf_co2_wm2,4.033538258520626
2091,SSP2-4.5,rf_co2_wm2,4.031528944048411
2092,SSP2-4.5,rf_co2_wm2,4.042990870498355
2093,SSP2-4.5,rf_co2_wm2,4.057123419268965
2094,SSP2-4.5,rf_co2_wm2,4.054148784710206
2095,SSP2-4.5,rf_co2_wm2,4.062856575621262
2096,SSP2-4.5,rf_co2_wm2,4.060279444821903
2097,SSP2-4.5,rf_co2_wm2,4.063327132261057
2098,SSP2-4.5,rf_co2_wm2,4.0860183301006865
2099,SSP2-4.5,rf_co2_wm2,4.081290851259022
2100,SSP2-4.5,rf_co2_wm2,4.082915884449723
2015,SSP3-7.0,rf_co2_wm2,1.836517702932152
2016,SSP3-7.0,rf_co2_wm2,1.8718128266377008
2017,SSP3-7.0,rf_co2_wm2,1.9161143248528827
2018,SSP3-7.0,rf_co2_wm2,1.952813590285275
2019,SSP3-7.0,rf_co2_wm2,1.9758937044855704
2020,SSP3-7.0,rf_co2_wm2,2.0106562169574724
2021,SSP3-7.0,rf_co2_wm2,2.0536020614707766
2022,SSP3-7.0,rf_co2_wm2,2.0988613631361934
2023,SSP3-7.0,rf_co2_wm2,2.131812841266105
2024,SSP3-7.0,rf_co2_wm2,2.1688676689713278
2025,SSP3-7.0,rf_co2_wm2,2.225628082790949
2026,SSP3-7.0,rf_co2_wm2,2.2667548377915323
2027,SSP3-7.0,rf_co2_wm2,2.3016322039232695
2028,SSP3-7.0,rf_co2_wm2,2.351050603691158
2029,SSP3-7.0,rf_co2_wm2,2.40029873824079
2030,SSP3-7.0,rf_co2_wm2,2.447862967120711
2031,SSP3-7.0,rf_co2_wm2,2.481018932643007
2032,SSP3-7.0,rf_co2_wm2,2.532951227566094
2033,SSP3-7.0,rf_co2_wm2,2.5852751740335753
2034,SSP3-7.0,rf_co2_wm2,2.6335178401643913
2035,SSP3-7.0,rf_co2_wm2,2.6756686092462685
2036,SSP3-7.0,rf_co2_wm2,2.7211891338487275
2037,SSP3-7.0,rf_co2_wm2,2.7682255033691128
2038,SSP3-7.0,rf_co2_wm2,2.8170489612279708
2039,SSP3-7.0,rf_co2_wm2,2.8592181648697124
2040,SSP3-7.0,rf_co2_wm2,2.9024928819555895
2041,SSP3-7.0,rf_co2_wm2,2.954797448791261
2042,SSP3-7.0,rf_co2_wm2,3.011820065799704
2043,SSP3-7.0,rf_co2_wm2,3.0566584039534797
2044,SSP3-7.0,rf_co2_wm2,3.09887279330386
2045,SSP3-7.0,rf_co2_wm2,3.1537823815045805
2046,SSP3-7.0,rf_co2_wm2,3.2017697539688816
2047,SSP3-7.0,rf_co2_wm2,3.249331185386106
2048,SSP3-7.0,rf_co2_wm2,3.3053951711456415
2049,SSP3-7.0,rf_co2_wm2,3.352447402685271
2050,SSP3-7.0,rf_co2_wm2,3.3921290674576015
2051,SSP3-7.0,rf_co2_wm2,3.4540624784458447
2052,SSP3-7.0,rf_co2_wm2,3.5028035478721122
2053,SSP3-7.0,rf_co2_wm2,3.5468369987311865
2054,SSP3-7.0,rf_co2_wm2,3.5952745115775113
2055,SSP3-7.0,rf_co2_wm2,3.6337125731021254
2056,SSP3-7.0,rf_co2_wm2,3.683593132246723
2057,SSP3-7.0,rf_co2_wm2,3.7415950733796213
2058,SSP3-7.0,rf_co2_wm2,3.793688994539185
2059,SSP3-7.0,rf_co2_wm2,3.8413209583209653
2060,SSP3-7.0,rf_co2_wm2,3.89720278009557
2061,SSP3-7.0,rf_co2_wm2,3.950784630762082
2062,SSP3-7.0,rf_co2_wm2,4.005262716722981
2063,SSP3-7.0,rf_co2_wm2,4.044678881485561
2064,SSP3-7.0,rf_co2_wm2,4.090745776953237
2065,SSP3-7.0,rf_co2_wm2,4.149194637377034
2066,SSP3-7.0,rf_co2_wm2,4.192038626340323
2067,SSP3-7.0,rf_co2_wm2,4.236387346654676
2068,SSP3-7.0,rf_co2_wm2,4.289845053225543
2069,SSP3-7.0,rf_co2_wm2,4.3505497104949935
2070,SSP3-7.0,rf_co2_wm2,4.399358917901996
2071,SSP3-7.0,rf_co2_wm2,4.440336709694226
2072,SSP3-7.0,rf_co2_wm2,4.49123198784625
2073,SSP3-7.0,rf_co2_wm2,4.546385659551458
2074,SSP3-7.0,rf_co2_wm2,4.600698197310794
2075,SSP3-7.0,rf_co2_wm2,4.643139984672549
2076,SSP3-7.0,rf_co2_wm2,4.6887657267212886
2077,SSP3-7.0,rf_co2_wm2,4.736393582729333
2078,SSP3-7.0,rf_co2_wm2,4.792198565058195
2079,SSP3-7.0,rf_co2_wm2,4.843353870016678
2080,SSP3-7.0,rf_co2_wm2,4.89416245189851
2081,SSP3-7.0,rf_co2_wm2,4.946577468019628
2082,SSP3-7.0,rf_co2_wm2,5.000857747338191
2083,SSP3-7.0,rf_co2_wm2,5.051424075950642
2084,SSP3-7.0,rf_co2_wm2,5.10115578825013
2085,SSP3-7.0,rf_co2_wm2,5.154497566857137
2086,SSP3-7.0,rf_co2_wm2,5.213502684793535
2087,SSP3-7.0,rf_co2_wm2,5.265275451431809
2088,SSP3-7.0,rf_co2_wm2,5.316389857392414
2089,SSP3-7.0,rf_co2_wm2,5.362216696648542
2090,SSP3-7.0,rf_co2_wm2,5.410130388881038
2091,SSP3-7.0,rf_co2_wm2,5.460072091448362
2092,SSP3-7.0,rf_co2_wm2,5.504972899472707
2093,SSP3-7.0,rf_co2_wm2,5.557199750473552
2094,SSP3-7.0,rf_co2_wm2,5.620236680986008
2095,SSP3-7.0,rf_co2_wm2,5.663444308801403
2096,SSP3-7.0,rf_co2_wm2,5.717033804616371
2097,SSP3-7.0,rf_co2_wm2,5.769953384621618
2098,SSP3-7.0,rf_co2_wm2,5.817196277347838
2099,SSP3-7.0,rf_co2_wm2,5.86945134689961
2100,SSP3-7.0,rf_co2_wm2,5.920852793656775
2015,SSP5-8.5,rf_co2_wm2,1.8349370111804995
2016,SSP5-8.5,rf_co2_wm2,1.8654442957371697
2017,SSP5-8.5,rf_co2_wm2,1.9067116081291777
2018,SSP5-8.5,rf_co2_wm2,1.938915349774365
2019,SSP5-8.5,rf_co2_wm2,1.9780040402187988
2020,SSP5-8.5,rf_co2_wm2,2.010826206605466
2021,SSP5-8.5,rf_co2_wm2,2.0526968624204915
2022,SSP5-8.5,rf_co2_wm2,2.0953202281142733
2023,SSP5-8.5,rf_co2_wm2,2.1302109416813058
2024,SSP5-8.5,rf_co2_wm2,2.1698408686689725
2025,SSP5-8.5,rf_co2_wm2,2.2146291970879846
2026,SSP5-8.5,rf_co2_wm2,2.262793795429422
2027,SSP5-8.5,rf_co2_wm2,2.301927913839158
2028,SSP5-8.5,rf_co2_wm2,2.347933128851173
2029,SSP5-8.5,rf_co2_wm2,2.406769703338241
2030,SSP5-8.5,rf_co2_wm2,2.444205169994722
2031,SSP5-8.5,rf_co2_wm2,2.4844037158166863
2032,SSP5-8.5,rf_co2_wm2,2.5385373242605325
2033,SSP5-8.5,rf_co2_wm2,2.5890287518887134
2034,SSP5-8.5,rf_co2_wm2,2.634529441108481
2035,SSP5-8.5,rf_co2_wm2,2.681727473936548
2036,SSP5-8.5,rf_co2_wm2,2.738551718189296
2037,SSP5-8.5,rf_co2_wm2,2.8020503670841834
2038,SSP5-8.5,rf_co2_wm2,2.850331250558775
2039,SSP5-8.5,rf_co2_wm2,2.8990963121984263
2040,SSP5-8.5,rf_co2_wm2,2.9610634011813364
2041,SSP5-8.5,rf_co2_wm2,3.014729715643267
2042,SSP5-8.5,rf_co2_wm2,3.0767105412598266
2043,SSP5-8.5,rf_co2_wm2,3.1420298426372875
2044,SSP5-8.5,rf_co2_wm2,3.2033741166526895
2045,SSP5-8.5,rf_co2_wm2,3.2683452721473314
2046,SSP5-8.5,rf_co2_wm2,3.3262344597239926
2047,SSP5-8.5,rf_co2_wm2,3.378619907906233
2048,SSP5-8.5,rf_co2_wm2,3.4424498529500718
2049,SSP5-8.5,rf_co2_wm2,3.514792112466024
2050,SSP5-8.5,rf_co2_wm2,3.574521943785298
2051,SSP5-8.5,rf_co2_wm2,3.6329804876372314
2052,SSP5-8.5,rf_co2_wm2,3.706222816756858
2053,SSP5-8.5,rf_co2_wm2,3.7779394288196952
2054,SSP5-8.5,rf_co2_wm2,3.839410917369473
2055,SSP5-8.5,rf_co2_wm2,3.914240766648448
2056,SSP5-8.5,rf_co2_wm2,3.9742567880202833
2057,SSP5-8.5,rf_co2_wm2,4.042574354478821
2058,SSP5-8.5,rf_co2_wm2,4.1171315847548655
2059,SSP5-8.5,rf_co2_wm2,4.19745012221793
2060,SSP5-8.5,rf_co2_wm2,4.2614678034283315
2061,SSP5-8.5,rf_co2_wm2,4.338097471059974
2062,SSP5-8.5,rf_co2_wm2,4.419684300316669
2063,SSP5-8.5,rf_co2_wm2,4.492306099737002
2064,SSP5-8.5,rf_co2_wm2,4.577083841509163
2065,SSP5-8.5,rf_co2_wm2,4.648632572158313
2066,SSP5-8.5,rf_co2_wm2,4.717290955155256
2067,SSP5-8.5,rf_co2_wm2,4.796729103941644
2068,SSP5-8.5,rf_co2_wm2,4.873350480182365
2069,SSP5-8.5,rf_co2_wm2,4.9544588078014025
2070,SSP5-8.5,rf_co2_wm2,5.035398942637434
2071,SSP5-8.5,rf_co2_wm2,5.1240729017288045
2072,SSP5-8.5,rf_co2_wm2,5.196346120020433
2073,SSP5-8.5,rf_co2_wm2,5.272083087106187
2074,SSP5-8.5,rf_co2_wm2,5.361491284079738
2075,SSP5-8.5,rf_co2_wm2,5.442025965733406
2076,SSP5-8.5,rf_co2_wm2,5.5101863725791995
2077,SSP5-8.5,rf_co2_wm2,5.590106445750301
2078,SSP5-8.5,rf_co2_wm2,5.674200365513183
2079,SSP5-8.5,rf_co2_wm2,5.75669401435348
2080,SSP5-8.5,rf_co2_wm2,5.836768460644784
2081,SSP5-8.5,rf_co2_wm2,5.923119586315485
2082,SSP5-8.5,rf_co2_wm2,6.013827475791924
2083,SSP5-8.5,rf_co2_wm2,6.083146928627502
2084,SSP5-8.5,rf_co2_wm2,6.16019675920231
2085,SSP5-8.5,rf_co2_wm2,6.238630340723477
2086,SSP5-8.5,rf_co2_wm2,6.320715156907829
2087,SSP5-8.5,rf_co2_wm2,6.39571600629295
2088,SSP5-8.5,rf_co2_wm2,6.462958859485661
2089,SSP5-8.5,rf_co2_wm2,6.546415230213191
2090,SSP5-8.5,rf_co2_wm2,6.624302086190169
2091,SSP5-8.5,rf_co2_wm2,6.7005045450269165
2092,SSP5-8.5,rf_co2_wm2,6.776928967181784
2093,SSP5-8.5,rf_co2_wm2,6.848790233927447
2094,SSP5-8.5,rf_co2_wm2,6.918011946996966
2095,SSP5-8.5,rf_co2_wm2,6.985582424383833
2096,SSP5-8.5,rf_co2_wm2,7.0614058619556666
2097,SSP5-8.5,rf_co2_wm2,7.125422009573617
2098,SSP5-8.5,rf_co2_wm2,7.194236475451775
2099,SSP5-8.5,rf_co2_wm2,7.270505042875046
2100,SSP5-8.5,rf_co2_wm2,7.331081775953195
